
-- universities Initial Data
INSERT INTO universities (university_id, name, url, tracking_id, institution_id, date_modified) VALUES ('1822ccb0-e591-4a5b-ab47-7163924ddee7', 'dominicanu.com', 'dominicanu.com', 'UA-49641917-4', '0016100000TWZ9vAAH  ',  current_timestamp);
INSERT INTO universities (university_id, name, url, tracking_id, institution_id, date_modified) VALUES ('114f6a67-d311-472e-838b-85f975a1dbe5', 'floridatechonline.com', 'floridatechonline.com', 'UA-49641917-3', '0016100000TWYsZAAX  ',  current_timestamp);
INSERT INTO universities (university_id, name, url, tracking_id, institution_id, date_modified) VALUES ('d7580f15-60af-4a48-a0a7-f83c9daaf767', 'jacksonvilleu.com', 'jacksonvilleu.com', 'UA-49641917-5', '0016100000TWYsbAAH  ',  current_timestamp);
INSERT INTO universities (university_id, name, url, tracking_id, institution_id, date_modified) VALUES ('9d9b275b-70f4-4c58-9a37-d2916d5307bc', 'michiganstateuniversityonline.com', 'michiganstateuniversityonline.com', 'UA-49641917-6', '0016100000TWYsWAAX  ',  current_timestamp);
INSERT INTO universities (university_id, name, url, tracking_id, institution_id, date_modified) VALUES ('8599e352-f9c9-439f-b133-9603f5b83032', 'newenglandcollegeonline.com', 'newenglandcollegeonline.com', 'UA-49641917-2', '0016100000TWYsYAAX  ',  current_timestamp);
INSERT INTO universities (university_id, name, url, tracking_id, institution_id, date_modified) VALUES ('40f88f57-8959-44ea-960a-2e1b66ca861d', 'stthomasonline.com', 'stthomasonline.com', 'UA-49641917-7', '0016100000TWYsUAAX  ',  current_timestamp);
INSERT INTO universities (university_id, name, url, tracking_id, institution_id, date_modified) VALUES ('9ff6de1b-232c-4134-8729-32fd841eecc1', 'uscranton.com', 'uscranton.com', 'UA-49641917-8', '0016100000TWZA0AAP  ',  current_timestamp);
INSERT INTO universities (university_id, name, url, tracking_id, institution_id, date_modified) VALUES ('23a720aa-d2d6-4e4c-8015-271e94dca82d', 'usfhealthonline.com', 'usfhealthonline.com', 'UA-49641917-9', '0016100000TWZ9tAAH  ',  current_timestamp);
INSERT INTO universities (university_id, name, url, tracking_id, institution_id, date_modified) VALUES ('e92d584c-c5c8-4af9-90b8-36221cdaa205', 'valpoonline.com', 'valpoonline.com', 'UA-49641917-10', '0016100000TWYsaAAH  ',  current_timestamp);
INSERT INTO universities (university_id, name, url, tracking_id, institution_id, date_modified) VALUES ('82567a31-ac39-4f4f-88f3-83e5eca77314', 'villanovau.com', 'villanovau.com', 'UA-49641917-11', '0016100000TWYsXAAX  ',  current_timestamp);

-- disciplines Initial Data
INSERT INTO disciplines (discipline_id, name, date_modified) VALUES ('d8409015-03bb-4543-b4c1-69ecdc3f5e0f', 'Accounting & Finance',  current_timestamp);
INSERT INTO disciplines (discipline_id, name, date_modified) VALUES ('dafb6c09-3498-49b8-9ddc-be35df00ab3d', 'Business Administration',  current_timestamp);
INSERT INTO disciplines (discipline_id, name, date_modified) VALUES ('b006f30a-c33f-4129-856f-2a8722461a63', 'Communication',  current_timestamp);
INSERT INTO disciplines (discipline_id, name, date_modified) VALUES ('a966933f-7e6b-4e81-9df1-1c427bcc2be3', 'Criminal Justice',  current_timestamp);
INSERT INTO disciplines (discipline_id, name, date_modified) VALUES ('44c4b6dc-8e59-4072-89a7-3cc5e7ca69c3', 'Cybersecurity',  current_timestamp);
INSERT INTO disciplines (discipline_id, name, date_modified) VALUES ('cad4a72e-57cc-4e1e-808e-a1f23fce5d7d', 'Healthcare',  current_timestamp);
INSERT INTO disciplines (discipline_id, name, date_modified) VALUES ('e0829496-5836-46dc-a774-36a5cb5071d0', 'Human Services',  current_timestamp);
INSERT INTO disciplines (discipline_id, name, date_modified) VALUES ('e098cce6-df50-43bc-a01e-96a49d682213', 'Information Technology',  current_timestamp);
INSERT INTO disciplines (discipline_id, name, date_modified) VALUES ('8f5989e2-f5de-4563-9bfe-c02cf623c241', 'Liberal Studies',  current_timestamp);
INSERT INTO disciplines (discipline_id, name, date_modified) VALUES ('d5c31a54-9316-4511-9027-235f55eecbc7', 'Marketing',  current_timestamp);
INSERT INTO disciplines (discipline_id, name, date_modified) VALUES ('369c23f5-cea4-44f4-ba21-337a7a381215', 'Project Management',  current_timestamp);
INSERT INTO disciplines (discipline_id, name, date_modified) VALUES ('dc92955c-47d1-41aa-93a1-1fc878c3dcb0', 'Psychology',  current_timestamp);
INSERT INTO disciplines (discipline_id, name, date_modified) VALUES ('5eb5f9d5-48e0-4fbd-8f3e-ac0ba387330f', 'Sociology',  current_timestamp);
INSERT INTO disciplines (discipline_id, name, date_modified) VALUES ('7650999b-ec73-4fa1-acfe-45a37215c6d9', 'MBA',  current_timestamp);
INSERT INTO disciplines (discipline_id, name, date_modified) VALUES ('e4e2ab80-be3f-4d7f-bafb-1af83460fa83', 'Graduate Certificates',  current_timestamp);

-- Programs
INSERT INTO programs (program_id, name, code, university_id, form_id, min_age, applicant_type_id, effective_from, deactivated_on, date_modified) VALUES ('3595e99f-ac79-491c-bbfb-5fbe7089cd45', 'Elementary Education', 'HOELF', '1822ccb0-e591-4a5b-ab47-7163924ddee7', '5', NULL, NULL, NULL, NULL,  current_timestamp);
INSERT INTO programs (program_id, name, code, university_id, form_id, min_age, applicant_type_id, effective_from, deactivated_on, date_modified) VALUES ('7a4be40b-943c-4f72-86ad-b0fd4cb4fc4a', 'English as A Second Language', 'HOESL', '1822ccb0-e591-4a5b-ab47-7163924ddee7', '5', NULL, NULL, NULL, NULL,  current_timestamp);
INSERT INTO programs (program_id, name, code, university_id, form_id, min_age, applicant_type_id, effective_from, deactivated_on, date_modified) VALUES ('12fb574b-44a5-4299-9e1d-27172df7327b', 'Reading', 'HORTF', '1822ccb0-e591-4a5b-ab47-7163924ddee7', '5', NULL, NULL, NULL, NULL,  current_timestamp);
INSERT INTO programs (program_id, name, code, university_id, form_id, min_age, applicant_type_id, effective_from, deactivated_on, date_modified) VALUES ('766da80b-1306-4db9-b93f-6e05c2fe7bd2', 'BA Criminal Justice', 'CRM-JUS-U-BA', '114f6a67-d311-472e-838b-85f975a1dbe5', '1', '18', NULL, NULL, NULL,  current_timestamp);
INSERT INTO programs (program_id, name, code, university_id, form_id, min_age, applicant_type_id, effective_from, deactivated_on, date_modified) VALUES ('f684d366-490d-4d60-9a87-91c32de72c66', 'AA Liberal Arts', 'LIBART25U-AA', '114f6a67-d311-472e-838b-85f975a1dbe5', '1', '22', NULL, NULL, NULL,  current_timestamp);
INSERT INTO programs (program_id, name, code, university_id, form_id, min_age, applicant_type_id, effective_from, deactivated_on, date_modified) VALUES ('06f2206a-c2c3-466b-85ec-7db9e8eb72cd', 'AA Business Administration', 'BUSAD24-U-AA', '114f6a67-d311-472e-838b-85f975a1dbe5', '1', '22', NULL, NULL, NULL,  current_timestamp);
INSERT INTO programs (program_id, name, code, university_id, form_id, min_age, applicant_type_id, effective_from, deactivated_on, date_modified) VALUES ('923efd48-6b71-427e-ab66-78342b1734e4', 'BA in Business Administration/Accounting', 'BUSAC24-U-BA', '114f6a67-d311-472e-838b-85f975a1dbe5', '1', '22', NULL, NULL, NULL,  current_timestamp);
INSERT INTO programs (program_id, name, code, university_id, form_id, min_age, applicant_type_id, effective_from, deactivated_on, date_modified) VALUES ('8917a3d8-0e80-4518-b2e6-7671b7aa6044', 'BA in Business Administration/Computer Information Systems', 'BUSCS24-U-BA', '114f6a67-d311-472e-838b-85f975a1dbe5', '1', '22', NULL, NULL, NULL,  current_timestamp);
INSERT INTO programs (program_id, name, code, university_id, form_id, min_age, applicant_type_id, effective_from, deactivated_on, date_modified) VALUES ('b35ce722-80da-4f2e-984a-e5f5f4319094', 'BA in Business Administration/Health Care Management', 'BUSHC24-U-BA', '114f6a67-d311-472e-838b-85f975a1dbe5', '1', '22', NULL, NULL, NULL,  current_timestamp);
INSERT INTO programs (program_id, name, code, university_id, form_id, min_age, applicant_type_id, effective_from, deactivated_on, date_modified) VALUES ('04731892-b5a9-4df0-bd9b-7fc64046f871', 'BA in Business Administration/Management', 'BUSMG24-U-BA', '114f6a67-d311-472e-838b-85f975a1dbe5', '1', '-1', NULL, NULL, NULL,  current_timestamp);
INSERT INTO programs (program_id, name, code, university_id, form_id, min_age, applicant_type_id, effective_from, deactivated_on, date_modified) VALUES ('d52cadb2-a954-4d98-81f8-684b0a3f1978', 'BA in Business Administration/Marketing', 'BUSMK24-U-BA', '114f6a67-d311-472e-838b-85f975a1dbe5', '1', '22', NULL, NULL, NULL,  current_timestamp);
INSERT INTO programs (program_id, name, code, university_id, form_id, min_age, applicant_type_id, effective_from, deactivated_on, date_modified) VALUES ('b25ebdb4-4177-4abd-9dc9-15132b5b88ba', 'BA Accounting', 'ACCNT24-U-BA', '114f6a67-d311-472e-838b-85f975a1dbe5', '1', '22', NULL, NULL, NULL,  current_timestamp);
INSERT INTO programs (program_id, name, code, university_id, form_id, min_age, applicant_type_id, effective_from, deactivated_on, date_modified) VALUES ('26402366-8096-422b-84e6-7fc6005353f0', 'BS Computer Info Systems', 'CIS-U-30-BS', '114f6a67-d311-472e-838b-85f975a1dbe5', '1', '18', NULL, NULL, NULL,  current_timestamp);
INSERT INTO programs (program_id, name, code, university_id, form_id, min_age, applicant_type_id, effective_from, deactivated_on, date_modified) VALUES ('058d3a74-c64c-465d-a2da-c119eda5ae15', 'MS Information Technology', 'INFOTEC-U-MS', '114f6a67-d311-472e-838b-85f975a1dbe5', '2', NULL, NULL, NULL, NULL,  current_timestamp);
INSERT INTO programs (program_id, name, code, university_id, form_id, min_age, applicant_type_id, effective_from, deactivated_on, date_modified) VALUES ('f56ade0a-3de5-4e56-8461-b7fc949fbd44', 'MBA/Accounting and Finance', 'ACCT-U-MBA', '114f6a67-d311-472e-838b-85f975a1dbe5', '3', NULL, NULL, NULL, NULL,  current_timestamp);
INSERT INTO programs (program_id, name, code, university_id, form_id, min_age, applicant_type_id, effective_from, deactivated_on, date_modified) VALUES ('af4eae65-e494-4b43-9247-05cbcb300667', 'MBA/Health Care Management', 'HC-MGT-U-MBA', '114f6a67-d311-472e-838b-85f975a1dbe5', '3', NULL, NULL, NULL, NULL,  current_timestamp);
INSERT INTO programs (program_id, name, code, university_id, form_id, min_age, applicant_type_id, effective_from, deactivated_on, date_modified) VALUES ('100433e4-ee88-4cee-9524-b7d2330e8a32', 'MBA/Management', 'MGMT-U-MBA', '114f6a67-d311-472e-838b-85f975a1dbe5', '3', NULL, NULL, NULL, NULL,  current_timestamp);
INSERT INTO programs (program_id, name, code, university_id, form_id, min_age, applicant_type_id, effective_from, deactivated_on, date_modified) VALUES ('8c6f949f-6dbe-48a4-a127-4653cc8dd70d', 'MBA/Marketing', 'MARKET-U-MBA', '114f6a67-d311-472e-838b-85f975a1dbe5', '3', NULL, NULL, NULL, NULL,  current_timestamp);
INSERT INTO programs (program_id, name, code, university_id, form_id, min_age, applicant_type_id, effective_from, deactivated_on, date_modified) VALUES ('396bb61a-cd39-4ffb-ad81-d490ad36a23e', 'AA Criminal Justice', 'CRM-JUS-U-AA', '114f6a67-d311-472e-838b-85f975a1dbe5', '1', '18', NULL, NULL, NULL,  current_timestamp);
INSERT INTO programs (program_id, name, code, university_id, form_id, min_age, applicant_type_id, effective_from, deactivated_on, date_modified) VALUES ('1311b312-9241-4a3b-b703-d551a16ed896', 'AS Computer Information Systems', 'CIS-U-30-AS', '114f6a67-d311-472e-838b-85f975a1dbe5', '1', '18', NULL, NULL, NULL,  current_timestamp);
INSERT INTO programs (program_id, name, code, university_id, form_id, min_age, applicant_type_id, effective_from, deactivated_on, date_modified) VALUES ('83eef828-62dc-40a7-90be-c08d7599f856', 'AA Healthcare Management', 'HCM-24-U-AA', '114f6a67-d311-472e-838b-85f975a1dbe5', '1', '22', NULL, NULL, NULL,  current_timestamp);
INSERT INTO programs (program_id, name, code, university_id, form_id, min_age, applicant_type_id, effective_from, deactivated_on, date_modified) VALUES ('77435b34-dd44-4e08-bf96-ae6b6f636dab', 'MBA Information Technology Management', 'INFTEC-U-MBA', '114f6a67-d311-472e-838b-85f975a1dbe5', '3', NULL, NULL, NULL, NULL,  current_timestamp);
INSERT INTO programs (program_id, name, code, university_id, form_id, min_age, applicant_type_id, effective_from, deactivated_on, date_modified) VALUES ('6cbd32e4-140f-47d8-b663-6561b802c0bf', 'MBA Project Management', 'PROJ-U-MBA', '114f6a67-d311-472e-838b-85f975a1dbe5', '3', NULL, NULL, NULL, NULL,  current_timestamp);
INSERT INTO programs (program_id, name, code, university_id, form_id, min_age, applicant_type_id, effective_from, deactivated_on, date_modified) VALUES ('317d70aa-2e74-49ed-97f3-36a01dce46ee', 'AA Marketing', 'MKT-24-U-AA', '114f6a67-d311-472e-838b-85f975a1dbe5', '1', '22', NULL, NULL, NULL,  current_timestamp);
INSERT INTO programs (program_id, name, code, university_id, form_id, min_age, applicant_type_id, effective_from, deactivated_on, date_modified) VALUES ('1f6ee76a-6409-4017-98e0-f0bdd6c4bd3b', 'AA Accounting', 'ACT-24-U-AA', '114f6a67-d311-472e-838b-85f975a1dbe5', '1', '22', NULL, NULL, NULL,  current_timestamp);
INSERT INTO programs (program_id, name, code, university_id, form_id, min_age, applicant_type_id, effective_from, deactivated_on, date_modified) VALUES ('018c5e7e-8be8-4e29-8f50-bc21e690dbdb', 'BA Applied Psychology', 'APP-PSYCH-BA', '114f6a67-d311-472e-838b-85f975a1dbe5', '1', '18', NULL, NULL, NULL,  current_timestamp);
INSERT INTO programs (program_id, name, code, university_id, form_id, min_age, applicant_type_id, effective_from, deactivated_on, date_modified) VALUES ('a1895b38-b69b-4ca7-a446-38da6380be3d', 'BA Applied Psychology/Child Advocacy', 'APP-PSYCH-BA|1', '114f6a67-d311-472e-838b-85f975a1dbe5', '1', '18', NULL, NULL, NULL,  current_timestamp);
INSERT INTO programs (program_id, name, code, university_id, form_id, min_age, applicant_type_id, effective_from, deactivated_on, date_modified) VALUES ('9747a439-00dc-4330-8fe6-fb1d0758ab88', 'BA Applied Psychology/Clinical Psy', 'APP-PSYCH-BA|2', '114f6a67-d311-472e-838b-85f975a1dbe5', '1', '18', NULL, NULL, NULL,  current_timestamp);
INSERT INTO programs (program_id, name, code, university_id, form_id, min_age, applicant_type_id, effective_from, deactivated_on, date_modified) VALUES ('767d07e0-305a-4545-b3b8-22e940fd80cd', 'BA Applied Psychology/Forensic Psy', 'APP-PSYCH-BA|3', '114f6a67-d311-472e-838b-85f975a1dbe5', '1', '18', NULL, NULL, NULL,  current_timestamp);
INSERT INTO programs (program_id, name, code, university_id, form_id, min_age, applicant_type_id, effective_from, deactivated_on, date_modified) VALUES ('2d731366-8e3d-49a4-b04f-fdfd1cee52f6', 'BA Applied Psychology/Organizational Psy', 'APP-PSYCH-BA|5', '114f6a67-d311-472e-838b-85f975a1dbe5', '1', '22', NULL, NULL, NULL,  current_timestamp);
INSERT INTO programs (program_id, name, code, university_id, form_id, min_age, applicant_type_id, effective_from, deactivated_on, date_modified) VALUES ('3a9675f4-9658-43ea-98e3-4707b2ee7261', 'Master of Business Administration', 'BUSAD-U-MBA', '114f6a67-d311-472e-838b-85f975a1dbe5', '3', NULL, NULL, NULL, NULL,  current_timestamp);
INSERT INTO programs (program_id, name, code, university_id, form_id, min_age, applicant_type_id, effective_from, deactivated_on, date_modified) VALUES ('2e7ab4f7-74e4-4f7b-8d87-14b24b127259', 'MBA/Accounting', 'ACCOUN-U-MBA', '114f6a67-d311-472e-838b-85f975a1dbe5', '3', NULL, NULL, NULL, NULL,  current_timestamp);
INSERT INTO programs (program_id, name, code, university_id, form_id, min_age, applicant_type_id, effective_from, deactivated_on, date_modified) VALUES ('8e42c9a0-53ef-4a38-9029-14edc155cb9e', 'MBA/Finance', 'FINANC-U-MBA', '114f6a67-d311-472e-838b-85f975a1dbe5', '3', NULL, NULL, NULL, NULL,  current_timestamp);
INSERT INTO programs (program_id, name, code, university_id, form_id, min_age, applicant_type_id, effective_from, deactivated_on, date_modified) VALUES ('c897f116-d622-48a3-ba86-bf24041da108', 'Mini MBA For-Credit Grad Cert / Management', 'MGMT-U-GCP', '114f6a67-d311-472e-838b-85f975a1dbe5', '7', NULL, NULL, NULL, '05/01/2018',  current_timestamp);
INSERT INTO programs (program_id, name, code, university_id, form_id, min_age, applicant_type_id, effective_from, deactivated_on, date_modified) VALUES ('fddeb962-0b7e-43af-8657-bdee4c20a159', 'Mini MBA For-Credit Grad Cert / Info Tech Mgmt', 'IT-MGT-U-GCP', '114f6a67-d311-472e-838b-85f975a1dbe5', '7', '0', NULL, NULL, '05/01/2018',  current_timestamp);
INSERT INTO programs (program_id, name, code, university_id, form_id, min_age, applicant_type_id, effective_from, deactivated_on, date_modified) VALUES ('3dbb4a3c-e5d8-4e78-96cf-30d7f2d66164', 'Mini MBA For-Credit Grad Cert / Healthcare Mgmt', 'HCM-U-GCP', '114f6a67-d311-472e-838b-85f975a1dbe5', '7', NULL, NULL, NULL, '05/01/2018',  current_timestamp);
INSERT INTO programs (program_id, name, code, university_id, form_id, min_age, applicant_type_id, effective_from, deactivated_on, date_modified) VALUES ('c99bc57a-4fee-4c57-93f3-f5aeed7d39bc', 'AAAppliedPsychology', 'APP-PSYCH-AA', '114f6a67-d311-472e-838b-85f975a1dbe5', '1', '18', NULL, NULL, NULL,  current_timestamp);
INSERT INTO programs (program_id, name, code, university_id, form_id, min_age, applicant_type_id, effective_from, deactivated_on, date_modified) VALUES ('080e5b27-c173-4fb2-b959-8ee5372f8009', 'MS Information Technology in Cybersecurity', 'I-T-CYB-U-MS', '114f6a67-d311-472e-838b-85f975a1dbe5', '2', NULL, NULL, NULL, NULL,  current_timestamp);
INSERT INTO programs (program_id, name, code, university_id, form_id, min_age, applicant_type_id, effective_from, deactivated_on, date_modified) VALUES ('4da22a87-caef-4f99-86ab-b743a29b0e42', 'MS Supply Chain Management', 'SC-MGMT-U-MS', '114f6a67-d311-472e-838b-85f975a1dbe5', '3', NULL, NULL, NULL, NULL,  current_timestamp);
INSERT INTO programs (program_id, name, code, university_id, form_id, min_age, applicant_type_id, effective_from, deactivated_on, date_modified) VALUES ('cfd268c6-0710-4d7f-a025-467dd4306117', 'MBA International Business', 'INTL-U-MBA', '114f6a67-d311-472e-838b-85f975a1dbe5', '3', NULL, NULL, NULL, '08/13/2019',  current_timestamp);
INSERT INTO programs (program_id, name, code, university_id, form_id, min_age, applicant_type_id, effective_from, deactivated_on, date_modified) VALUES ('70576bc2-1670-42f6-b2ea-920bf4c1d7fe', 'MSInformationAssuranceandCybersecurity', 'CYB-U-30-MS', '114f6a67-d311-472e-838b-85f975a1dbe5', '3', '0', NULL, NULL, NULL,  current_timestamp);
INSERT INTO programs (program_id, name, code, university_id, form_id, min_age, applicant_type_id, effective_from, deactivated_on, date_modified) VALUES ('d53b41b2-f563-4c4f-9754-130f10a13fbd', 'For-CreditGradCert/InfoAssuranceandCybersecurity', 'CYB-U-30-GCP', '114f6a67-d311-472e-838b-85f975a1dbe5', '7', '0', NULL, NULL, '05/01/2018',  current_timestamp);
INSERT INTO programs (program_id, name, code, university_id, form_id, min_age, applicant_type_id, effective_from, deactivated_on, date_modified) VALUES ('88c7d92a-4c19-4984-a2f5-ad7068c22e25', 'RNtoBSN', 'NURN.BSN', 'd7580f15-60af-4a48-a0a7-f83c9daaf767', '9', NULL, NULL, NULL, NULL,  current_timestamp);
INSERT INTO programs (program_id, name, code, university_id, form_id, min_age, applicant_type_id, effective_from, deactivated_on, date_modified) VALUES ('4310835a-0a83-4b82-807f-0417546f428f', 'MSN in Nursing Leadership', 'NUR.LHCS.MSN', 'd7580f15-60af-4a48-a0a7-f83c9daaf767', '10', NULL, NULL, NULL, NULL,  current_timestamp);
INSERT INTO programs (program_id, name, code, university_id, form_id, min_age, applicant_type_id, effective_from, deactivated_on, date_modified) VALUES ('0b8f8104-0733-4f52-a33f-9e6260e009c5', 'MSN in Nursing Education', 'NUR.CNEDU.MSN', 'd7580f15-60af-4a48-a0a7-f83c9daaf767', '10', NULL, NULL, NULL, NULL,  current_timestamp);
INSERT INTO programs (program_id, name, code, university_id, form_id, min_age, applicant_type_id, effective_from, deactivated_on, date_modified) VALUES ('2f7d329f-702a-418b-a51c-e2cee4fecadd', 'MSManagement,Strategy&Leadership', '6062', '9d9b275b-70f4-4c58-9a37-d2916d5307bc', '18', NULL, NULL, NULL, NULL,  current_timestamp);
INSERT INTO programs (program_id, name, code, university_id, form_id, min_age, applicant_type_id, effective_from, deactivated_on, date_modified) VALUES ('7f93102a-dee5-4427-8aa9-1d556dd35422', 'AALiberalStudies', 'BISKAALS', '8599e352-f9c9-439f-b133-9603f5b83032', '8', NULL, NULL, NULL, NULL,  current_timestamp);
INSERT INTO programs (program_id, name, code, university_id, form_id, min_age, applicant_type_id, effective_from, deactivated_on, date_modified) VALUES ('517be94f-35af-4f31-9b2e-e10d17c91d50', 'AA Business Administration-NEC', 'BISKAABU', '8599e352-f9c9-439f-b133-9603f5b83032', '8', NULL, NULL, NULL, NULL,  current_timestamp);
INSERT INTO programs (program_id, name, code, university_id, form_id, min_age, applicant_type_id, effective_from, deactivated_on, date_modified) VALUES ('6a17234a-b165-42bb-b5b3-58afded37861', 'BABusAdmin/Accounting', 'BISKBABUAC', '8599e352-f9c9-439f-b133-9603f5b83032', '8', NULL, NULL, NULL, NULL,  current_timestamp);
INSERT INTO programs (program_id, name, code, university_id, form_id, min_age, applicant_type_id, effective_from, deactivated_on, date_modified) VALUES ('e33e48c4-7553-4ff1-b1fa-bbe65bede1fc', 'BA Bus Admin/Computer Info Systems', 'BISKBABUCT', '8599e352-f9c9-439f-b133-9603f5b83032', '8', '0', NULL, NULL, NULL,  current_timestamp);
INSERT INTO programs (program_id, name, code, university_id, form_id, min_age, applicant_type_id, effective_from, deactivated_on, date_modified) VALUES ('e618d3ee-2cf5-4e43-8a00-cc1c1ca88469', 'BABusAdmin/Management', 'BISKBABUMG', '8599e352-f9c9-439f-b133-9603f5b83032', '8', NULL, NULL, NULL, NULL,  current_timestamp);
INSERT INTO programs (program_id, name, code, university_id, form_id, min_age, applicant_type_id, effective_from, deactivated_on, date_modified) VALUES ('0109004a-ae7c-4810-a7d5-1fe6586d75c5', 'BABusAdmin/Marketing', 'BISKBABUMK', '8599e352-f9c9-439f-b133-9603f5b83032', '8', NULL, NULL, NULL, NULL,  current_timestamp);
INSERT INTO programs (program_id, name, code, university_id, form_id, min_age, applicant_type_id, effective_from, deactivated_on, date_modified) VALUES ('fa05f24b-5a17-4006-ac74-ce033dae212d', 'BAinPsychology', 'BISKBAPS', '8599e352-f9c9-439f-b133-9603f5b83032', '8', '0', NULL, NULL, NULL,  current_timestamp);
INSERT INTO programs (program_id, name, code, university_id, form_id, min_age, applicant_type_id, effective_from, deactivated_on, date_modified) VALUES ('0d0e1a29-bbd1-4144-aaea-a73a24a3052d', 'BAinCriminalJustice', 'BISKBACJ', '8599e352-f9c9-439f-b133-9603f5b83032', '8', NULL, NULL, NULL, NULL,  current_timestamp);
INSERT INTO programs (program_id, name, code, university_id, form_id, min_age, applicant_type_id, effective_from, deactivated_on, date_modified) VALUES ('b13c6dbf-6cf2-48d8-a774-11fdf22d85bb', 'BSinHealthcareAdministration', 'BISKBAHCA', '8599e352-f9c9-439f-b133-9603f5b83032', '8', NULL, NULL, NULL, NULL,  current_timestamp);
INSERT INTO programs (program_id, name, code, university_id, form_id, min_age, applicant_type_id, effective_from, deactivated_on, date_modified) VALUES ('28b2d41a-3625-4181-8c3b-d4334cc708dc', 'BABusinessAdmin', 'BISKBABU', '8599e352-f9c9-439f-b133-9603f5b83032', '8', '0', NULL, NULL, NULL,  current_timestamp);
INSERT INTO programs (program_id, name, code, university_id, form_id, min_age, applicant_type_id, effective_from, deactivated_on, date_modified) VALUES ('f735b8c6-fb21-4eb3-942c-fd1babc67a15', 'MAPublicSafetyandLawEnforcementLeadership', 'EDB_EL_MA_EDSL', '40f88f57-8959-44ea-960a-2e1b66ca861d', '11', NULL, NULL, NULL, NULL,  current_timestamp);
INSERT INTO programs (program_id, name, code, university_id, form_id, min_age, applicant_type_id, effective_from, deactivated_on, date_modified) VALUES ('9b72249e-68a5-48eb-8d02-928a8215d25d', 'MAPublicSafetyandLawEnforcementLeadership', 'EDB_EL_NDO_EDSL', '40f88f57-8959-44ea-960a-2e1b66ca861d', '11', NULL, NULL, NULL, NULL,  current_timestamp);
INSERT INTO programs (program_id, name, code, university_id, form_id, min_age, applicant_type_id, effective_from, deactivated_on, date_modified) VALUES ('aa38d556-3164-466d-979e-0a0ce66e9ccc', 'LicenseinAutismSpectrumDisorders', 'EDB_SE_LIC_SPAS', '40f88f57-8959-44ea-960a-2e1b66ca861d', '11', NULL, NULL, NULL, NULL,  current_timestamp);
INSERT INTO programs (program_id, name, code, university_id, form_id, min_age, applicant_type_id, effective_from, deactivated_on, date_modified) VALUES ('2c636970-ff7c-41a8-97c9-1d89cbb633e8', 'MAinSpecialEducationLicenseinASD', 'EDB_SE_MLC_SPAS', '40f88f57-8959-44ea-960a-2e1b66ca861d', '11', NULL, NULL, NULL, NULL,  current_timestamp);
INSERT INTO programs (program_id, name, code, university_id, form_id, min_age, applicant_type_id, effective_from, deactivated_on, date_modified) VALUES ('1a8ac0ca-e7d0-429d-8f4e-a10830c8c077', 'MASpecialEducationNonLicense,ASD', 'EDB_SE_MA_SPAS', '40f88f57-8959-44ea-960a-2e1b66ca861d', '11', NULL, NULL, NULL, NULL,  current_timestamp);
INSERT INTO programs (program_id, name, code, university_id, form_id, min_age, applicant_type_id, effective_from, deactivated_on, date_modified) VALUES ('8dda248d-f608-4319-b637-aeb2034cfb29', 'MASpecialEducationNonLicense,ASD', 'EDB_SE_NDO_SPAS', '40f88f57-8959-44ea-960a-2e1b66ca861d', '11', NULL, NULL, NULL, NULL,  current_timestamp);
INSERT INTO programs (program_id, name, code, university_id, form_id, min_age, applicant_type_id, effective_from, deactivated_on, date_modified) VALUES ('98b23d43-5ac6-42e5-af65-9a95ab7513af', 'CertificateinAutismSpectrumDisorders', 'EDB_SE_CER_SPAS', '40f88f57-8959-44ea-960a-2e1b66ca861d', '16', NULL, NULL, NULL, NULL,  current_timestamp);
INSERT INTO programs (program_id, name, code, university_id, form_id, min_age, applicant_type_id, effective_from, deactivated_on, date_modified) VALUES ('25d3f47e-cebf-4bd7-a94f-8e621360d3d9', 'MS Edu- Curr & Instruct', 'C&I', '9ff6de1b-232c-4134-8729-32fd841eecc1', '4', NULL, NULL, NULL, NULL,  current_timestamp);
INSERT INTO programs (program_id, name, code, university_id, form_id, min_age, applicant_type_id, effective_from, deactivated_on, date_modified) VALUES ('05f1029c-7b4b-4894-ab53-064a7a6cbf4c', 'MS Edu- Edu Admin', 'EADM', '9ff6de1b-232c-4134-8729-32fd841eecc1', '4', NULL, NULL, NULL, NULL,  current_timestamp);
INSERT INTO programs (program_id, name, code, university_id, form_id, min_age, applicant_type_id, effective_from, deactivated_on, date_modified) VALUES ('1bbd0fc1-b13a-41e4-afca-aa171ad83900', 'Non Degree Seeking', '3', '9ff6de1b-232c-4134-8729-32fd841eecc1', '4', NULL, NULL, NULL, NULL,  current_timestamp);
INSERT INTO programs (program_id, name, code, university_id, form_id, min_age, applicant_type_id, effective_from, deactivated_on, date_modified) VALUES ('bd01a747-31c7-4d72-8da1-1f625e83df8f', 'Health', 'XHI', '23a720aa-d2d6-4e4c-8015-271e94dca82d', '15', '-1', NULL, NULL, NULL,  current_timestamp);
INSERT INTO programs (program_id, name, code, university_id, form_id, min_age, applicant_type_id, effective_from, deactivated_on, date_modified) VALUES ('a1a812e2-732a-4844-86a3-e75cba382fa0', 'Health', 'HIF', '23a720aa-d2d6-4e4c-8015-271e94dca82d', '14', '-1', NULL, NULL, NULL,  current_timestamp);
INSERT INTO programs (program_id, name, code, university_id, form_id, min_age, applicant_type_id, effective_from, deactivated_on, date_modified) VALUES ('cfb78fe2-9dce-41e3-b3b8-71648e672f1b', 'MS-HMP/StrategicDecisionMaking', 'STRATEG', 'e92d584c-c5c8-4af9-90b8-36221cdaa205', '17', NULL, NULL, NULL, NULL,  current_timestamp);
INSERT INTO programs (program_id, name, code, university_id, form_id, min_age, applicant_type_id, effective_from, deactivated_on, date_modified) VALUES ('119ba1d8-43db-447a-b7d3-6a881fb78868', 'MS-HMP/HealthInformatics', 'INFORMAT', 'e92d584c-c5c8-4af9-90b8-36221cdaa205', '17', NULL, NULL, NULL, NULL,  current_timestamp);
INSERT INTO programs (program_id, name, code, university_id, form_id, min_age, applicant_type_id, effective_from, deactivated_on, date_modified) VALUES ('0d797cfc-c513-45ab-9e6f-8ca2563d5bac', 'MS-HMP/Gerontology', 'GERONTOL', 'e92d584c-c5c8-4af9-90b8-36221cdaa205', '17', NULL, NULL, NULL, '03/26/2018',  current_timestamp);
INSERT INTO programs (program_id, name, code, university_id, form_id, min_age, applicant_type_id, effective_from, deactivated_on, date_modified) VALUES ('9d176dfa-3c91-4988-a916-901366cdb9b2', 'MS-HMP/ForensicHealth', 'FORENSIC', 'e92d584c-c5c8-4af9-90b8-36221cdaa205', '17', NULL, NULL, NULL, '03/26/2018',  current_timestamp);
INSERT INTO programs (program_id, name, code, university_id, form_id, min_age, applicant_type_id, effective_from, deactivated_on, date_modified) VALUES ('f084a7d1-a5ac-4348-a153-409f6fb608f7', 'Masters Human Resource Development', 'GHRD', '82567a31-ac39-4f4f-88f3-83e5eca77314', '6', NULL, NULL, NULL, NULL,  current_timestamp);
INSERT INTO programs (program_id, name, code, university_id, form_id, min_age, applicant_type_id, effective_from, deactivated_on, date_modified) VALUES ('0ec891e5-d985-424b-9f0b-3cdb77876da4', 'MasterofPublicAdministration', 'GMPA', '82567a31-ac39-4f4f-88f3-83e5eca77314', '6', NULL, NULL, NULL, NULL,  current_timestamp);
INSERT INTO programs (program_id, name, code, university_id, form_id, min_age, applicant_type_id, effective_from, deactivated_on, date_modified) VALUES ('28859e51-f84c-464e-9571-ff38aaabc425', 'RN-BSN', 'RNBSN', '82567a31-ac39-4f4f-88f3-83e5eca77314', '13', NULL, NULL, NULL, NULL,  current_timestamp);
INSERT INTO programs (program_id, name, code, university_id, form_id, min_age, applicant_type_id, effective_from, deactivated_on, date_modified) VALUES ('ace68b6e-af77-4659-90df-ce630ca2654c', 'BACriminalJustice/HomelandSecurity', 'CJHS-U-BA', '114f6a67-d311-472e-838b-85f975a1dbe5', '1', '18', NULL, NULL, '08/13/2019',  current_timestamp);
INSERT INTO programs (program_id, name, code, university_id, form_id, min_age, applicant_type_id, effective_from, deactivated_on, date_modified) VALUES ('7a0f6173-d311-44ce-9261-c7f0f42cc3de', 'MAPublicSafetyandLawEnforcementLeadership', 'EDB_EL_CER_EDSL', '40f88f57-8959-44ea-960a-2e1b66ca861d', '11', NULL, NULL, NULL, NULL,  current_timestamp);
INSERT INTO programs (program_id, name, code, university_id, form_id, min_age, applicant_type_id, effective_from, deactivated_on, date_modified) VALUES ('04b3fd1f-1599-41b7-9a65-2c432f2e64c0', 'HRManagement&DevelopmentGraduateCertificate', '6063', '9d9b275b-70f4-4c58-9a37-d2916d5307bc', '19', NULL, NULL, NULL, NULL,  current_timestamp);
INSERT INTO programs (program_id, name, code, university_id, form_id, min_age, applicant_type_id, effective_from, deactivated_on, date_modified) VALUES ('6d7a0601-602b-4767-ae60-9cfbefdcf1ad', 'Leadership&ManagingTeamsGraduateCertificate', '6064', '9d9b275b-70f4-4c58-9a37-d2916d5307bc', '19', NULL, NULL, NULL, NULL,  current_timestamp);
INSERT INTO programs (program_id, name, code, university_id, form_id, min_age, applicant_type_id, effective_from, deactivated_on, date_modified) VALUES ('dca70bd1-dd15-4313-a813-b70e93b4b95c', 'StrategicManagementGraduateCertificate', '6065', '9d9b275b-70f4-4c58-9a37-d2916d5307bc', '19', NULL, NULL, NULL, NULL,  current_timestamp);
INSERT INTO programs (program_id, name, code, university_id, form_id, min_age, applicant_type_id, effective_from, deactivated_on, date_modified) VALUES ('1e53c779-59ce-4e26-9604-81709c3dd954', 'BAAviationManagement', 'AV-MGT-U-BA', '114f6a67-d311-472e-838b-85f975a1dbe5', '1', '18', NULL, NULL, NULL,  current_timestamp);
INSERT INTO programs (program_id, name, code, university_id, form_id, min_age, applicant_type_id, effective_from, deactivated_on, date_modified) VALUES ('16f05a6c-3333-49c1-a889-073cabfc1a3d', 'MS Supply Chain Management', '6035', '9d9b275b-70f4-4c58-9a37-d2916d5307bc', '21', NULL, NULL, NULL, NULL,  current_timestamp);
INSERT INTO programs (program_id, name, code, university_id, form_id, min_age, applicant_type_id, effective_from, deactivated_on, date_modified) VALUES ('53925bdc-71a6-4663-aaad-1ebe00acecd3', 'B.A.Leadership', 'LDU', '82567a31-ac39-4f4f-88f3-83e5eca77314', '20', '22', NULL, NULL, '04/30/2017',  current_timestamp);
INSERT INTO programs (program_id, name, code, university_id, form_id, min_age, applicant_type_id, effective_from, deactivated_on, date_modified) VALUES ('7627670a-5c4f-40fa-8ac3-a127e5e9c141', 'B.A.MediaandTechnology', 'MTU', '82567a31-ac39-4f4f-88f3-83e5eca77314', '20', '22', NULL, NULL, '01/21/2016',  current_timestamp);
INSERT INTO programs (program_id, name, code, university_id, form_id, min_age, applicant_type_id, effective_from, deactivated_on, date_modified) VALUES ('913582ba-e4b1-4121-8017-c0581c931e43', 'B.I.S.GeneralStudies', 'GSTU', '82567a31-ac39-4f4f-88f3-83e5eca77314', '20', '22', NULL, NULL, '04/30/2017',  current_timestamp);
INSERT INTO programs (program_id, name, code, university_id, form_id, min_age, applicant_type_id, effective_from, deactivated_on, date_modified) VALUES ('4807736e-6b6c-4af2-a5ae-cfa1c0dc5e32', 'AA Criminal Justice', 'BISKAACJ', '8599e352-f9c9-439f-b133-9603f5b83032', '8', NULL, NULL, NULL, NULL,  current_timestamp);
INSERT INTO programs (program_id, name, code, university_id, form_id, min_age, applicant_type_id, effective_from, deactivated_on, date_modified) VALUES ('c5f03ae1-1189-46cc-a341-05dec5157155', 'AA Psychology', 'BISKAAPS', '8599e352-f9c9-439f-b133-9603f5b83032', '8', NULL, NULL, NULL, NULL,  current_timestamp);
INSERT INTO programs (program_id, name, code, university_id, form_id, min_age, applicant_type_id, effective_from, deactivated_on, date_modified) VALUES ('f3605052-d691-43ea-b78a-0b44171c328f', 'AS Accounting', 'BISKASAC', '8599e352-f9c9-439f-b133-9603f5b83032', '8', NULL, NULL, NULL, NULL,  current_timestamp);
INSERT INTO programs (program_id, name, code, university_id, form_id, min_age, applicant_type_id, effective_from, deactivated_on, date_modified) VALUES ('75b9d9a9-eec1-4636-8c43-4a2cd8ff409e', 'AS Healthcare Administration', 'BISKASHCA', '8599e352-f9c9-439f-b133-9603f5b83032', '8', NULL, NULL, NULL, NULL,  current_timestamp);
INSERT INTO programs (program_id, name, code, university_id, form_id, min_age, applicant_type_id, effective_from, deactivated_on, date_modified) VALUES ('f944f6ba-4f9e-460f-8ea7-ad8979e1b085', 'BAPsychology/ClinicalPsych', 'BISKBAPSCP', '8599e352-f9c9-439f-b133-9603f5b83032', '8', NULL, NULL, NULL, NULL,  current_timestamp);
INSERT INTO programs (program_id, name, code, university_id, form_id, min_age, applicant_type_id, effective_from, deactivated_on, date_modified) VALUES ('ddd1957c-ad4d-4536-bbd2-db6c6e17351e', 'BAPsychology/CriminalJustice', 'BISKBAPSCJ', '8599e352-f9c9-439f-b133-9603f5b83032', '8', NULL, NULL, NULL, NULL,  current_timestamp);
INSERT INTO programs (program_id, name, code, university_id, form_id, min_age, applicant_type_id, effective_from, deactivated_on, date_modified) VALUES ('22e96fff-2d18-4260-802b-375c3aa6bfe3', 'BAPsychology/DevelopmentalPsych', 'BISKBAPSDP', '8599e352-f9c9-439f-b133-9603f5b83032', '8', NULL, NULL, NULL, NULL,  current_timestamp);
INSERT INTO programs (program_id, name, code, university_id, form_id, min_age, applicant_type_id, effective_from, deactivated_on, date_modified) VALUES ('3d945164-3e0e-47a9-b441-fce5f8b7adc5', 'BSAccounting', 'BISKBSAC', '8599e352-f9c9-439f-b133-9603f5b83032', '8', NULL, NULL, NULL, NULL,  current_timestamp);
INSERT INTO programs (program_id, name, code, university_id, form_id, min_age, applicant_type_id, effective_from, deactivated_on, date_modified) VALUES ('4254f3ca-76ad-49a2-b91b-3c1478e33b02', 'SpecialEducationLicenseinABS', 'EDB_SE_MLC_SPAB', '40f88f57-8959-44ea-960a-2e1b66ca861d', '11', NULL, NULL, NULL, NULL,  current_timestamp);
INSERT INTO programs (program_id, name, code, university_id, form_id, min_age, applicant_type_id, effective_from, deactivated_on, date_modified) VALUES ('de19864c-64e9-49a2-ad66-2bc36fe4d76b', 'LicenseinAcademicBehavioralStrategist', 'EDB_SE_LIC_SPAB', '40f88f57-8959-44ea-960a-2e1b66ca861d', '11', NULL, NULL, NULL, NULL,  current_timestamp);
INSERT INTO programs (program_id, name, code, university_id, form_id, min_age, applicant_type_id, effective_from, deactivated_on, date_modified) VALUES ('f6fc4a5e-99e9-41bf-90d1-f553d9eeb2a8', 'SpecialEducationNon-License,ABS', 'EDB_SE_MA_SPAB', '40f88f57-8959-44ea-960a-2e1b66ca861d', '11', NULL, NULL, NULL, NULL,  current_timestamp);
INSERT INTO programs (program_id, name, code, university_id, form_id, min_age, applicant_type_id, effective_from, deactivated_on, date_modified) VALUES ('7cfedd54-c701-4183-a9e4-506dc29ed9aa', 'SpecialEducationLicenseinDD', 'EDB_SE_MLC_SPDD', '40f88f57-8959-44ea-960a-2e1b66ca861d', '11', NULL, NULL, NULL, NULL,  current_timestamp);
INSERT INTO programs (program_id, name, code, university_id, form_id, min_age, applicant_type_id, effective_from, deactivated_on, date_modified) VALUES ('b58853ff-2c55-41d5-bf2c-6715bc50230b', 'LicenseinDevelopmentalDisabilities', 'EDB_SE_LIC_SPDD', '40f88f57-8959-44ea-960a-2e1b66ca861d', '11', NULL, NULL, NULL, NULL,  current_timestamp);
INSERT INTO programs (program_id, name, code, university_id, form_id, min_age, applicant_type_id, effective_from, deactivated_on, date_modified) VALUES ('01b9d14b-4551-4cb5-946b-73f2395f77ba', 'SpecialEducationNon-License,DD', 'EDB_SE_MA_SPDD', '40f88f57-8959-44ea-960a-2e1b66ca861d', '11', NULL, NULL, NULL, NULL,  current_timestamp);
INSERT INTO programs (program_id, name, code, university_id, form_id, min_age, applicant_type_id, effective_from, deactivated_on, date_modified) VALUES ('116b3a05-8109-48ba-933d-57ae3a69b651', 'SpecialEducationNon-License,ABS', 'EDB_SE_NDO_SPAB', '40f88f57-8959-44ea-960a-2e1b66ca861d', '11', NULL, NULL, NULL, NULL,  current_timestamp);
INSERT INTO programs (program_id, name, code, university_id, form_id, min_age, applicant_type_id, effective_from, deactivated_on, date_modified) VALUES ('1b6ba1d8-3c55-4e88-9cd8-0ba3d774ea4b', 'SpecialEducationNon-License,DD', 'EDB_SE_NDO_SPDD', '40f88f57-8959-44ea-960a-2e1b66ca861d', '11', NULL, NULL, NULL, NULL,  current_timestamp);
INSERT INTO programs (program_id, name, code, university_id, form_id, min_age, applicant_type_id, effective_from, deactivated_on, date_modified) VALUES ('45aa17a5-7740-46a1-ad4e-dc217728340d', 'AASociology', 'BISKAASO', '8599e352-f9c9-439f-b133-9603f5b83032', '8', NULL, NULL, NULL, NULL,  current_timestamp);
INSERT INTO programs (program_id, name, code, university_id, form_id, min_age, applicant_type_id, effective_from, deactivated_on, date_modified) VALUES ('b67ae3d9-8b84-4fcd-b4ad-6af5a6064212', 'BASociology', 'BISKBASO', '8599e352-f9c9-439f-b133-9603f5b83032', '8', NULL, NULL, NULL, NULL,  current_timestamp);
INSERT INTO programs (program_id, name, code, university_id, form_id, min_age, applicant_type_id, effective_from, deactivated_on, date_modified) VALUES ('ea79ee34-2110-4582-bcd8-b90604d8649d', 'ASHumanServices', 'BISKASHS', '8599e352-f9c9-439f-b133-9603f5b83032', '8', NULL, NULL, NULL, NULL,  current_timestamp);
INSERT INTO programs (program_id, name, code, university_id, form_id, min_age, applicant_type_id, effective_from, deactivated_on, date_modified) VALUES ('51482a2b-7625-4e8b-9665-f9d1d96d35fe', 'BSHumanServices', 'BISKBSHS', '8599e352-f9c9-439f-b133-9603f5b83032', '8', NULL, NULL, NULL, NULL,  current_timestamp);
INSERT INTO programs (program_id, name, code, university_id, form_id, min_age, applicant_type_id, effective_from, deactivated_on, date_modified) VALUES ('e5104781-33fd-4c1d-8eb0-fd55800072d0', 'BAHumanities', 'BISKBAHU', '8599e352-f9c9-439f-b133-9603f5b83032', '8', NULL, NULL, NULL, NULL,  current_timestamp);
INSERT INTO programs (program_id, name, code, university_id, form_id, min_age, applicant_type_id, effective_from, deactivated_on, date_modified) VALUES ('24f4db5e-9ddc-4ee6-8a43-96cb74a3e155', 'BSSocialSciences', 'BISKBSSS', '8599e352-f9c9-439f-b133-9603f5b83032', '8', NULL, NULL, NULL, NULL,  current_timestamp);
INSERT INTO programs (program_id, name, code, university_id, form_id, min_age, applicant_type_id, effective_from, deactivated_on, date_modified) VALUES ('86b7eebd-a3f4-4e4a-931b-e1fa489d105e', 'B.A. Public Service and Administration', 'PSAU', '82567a31-ac39-4f4f-88f3-83e5eca77314', '20', '22', NULL, NULL, '04/30/2017',  current_timestamp);
INSERT INTO programs (program_id, name, code, university_id, form_id, min_age, applicant_type_id, effective_from, deactivated_on, date_modified) VALUES ('b4a38e13-60a9-410e-8957-28b563cbf0d0', 'RN to MSN: Clinical Nurse Educator', 'NUR.CNEDU2.MSN', 'd7580f15-60af-4a48-a0a7-f83c9daaf767', '9', NULL, NULL, NULL, NULL,  current_timestamp);
INSERT INTO programs (program_id, name, code, university_id, form_id, min_age, applicant_type_id, effective_from, deactivated_on, date_modified) VALUES ('4b367e42-58e6-4a3e-99a8-9e233b02ed0e', 'RN to MSN: Leadership in Healthcare Systems', 'NUR.LHCS2.MSN', 'd7580f15-60af-4a48-a0a7-f83c9daaf767', '9', NULL, NULL, NULL, NULL,  current_timestamp);
INSERT INTO programs (program_id, name, code, university_id, form_id, min_age, applicant_type_id, effective_from, deactivated_on, date_modified) VALUES ('91f24a13-4aef-459f-b08f-caf9f1040fb3', 'MS Information Technology', 'I-T-ERP-U-MS', '114f6a67-d311-472e-838b-85f975a1dbe5', '2', '0', NULL, NULL, '04/20/2017',  current_timestamp);
INSERT INTO programs (program_id, name, code, university_id, form_id, min_age, applicant_type_id, effective_from, deactivated_on, date_modified) VALUES ('da77977d-c947-4512-9c48-4e14821f2bed', 'MS Information Technology', 'I-T-DA-U-MS', '114f6a67-d311-472e-838b-85f975a1dbe5', '2', NULL, NULL, NULL, NULL,  current_timestamp);
INSERT INTO programs (program_id, name, code, university_id, form_id, min_age, applicant_type_id, effective_from, deactivated_on, date_modified) VALUES ('4ccea862-db19-4d1c-b824-bb589607d25c', 'MSHealthInformatics', 'HINFO.MS', 'd7580f15-60af-4a48-a0a7-f83c9daaf767', '10', NULL, '9', NULL, NULL,  current_timestamp);
INSERT INTO programs (program_id, name, code, university_id, form_id, min_age, applicant_type_id, effective_from, deactivated_on, date_modified) VALUES ('2b8bc5d8-84c2-436a-865f-a99d07b8070a', 'MBA/Cybersecurity', 'CYBER-U-MBA', '114f6a67-d311-472e-838b-85f975a1dbe5', '3', NULL, NULL, NULL, NULL,  current_timestamp);
INSERT INTO programs (program_id, name, code, university_id, form_id, min_age, applicant_type_id, effective_from, deactivated_on, date_modified) VALUES ('ad53c5e6-cb9e-4a4b-ad12-ff854085bdeb', 'RNtoMSN:InformaticsSpecialization', 'NUR.INFOR2.MSN', 'd7580f15-60af-4a48-a0a7-f83c9daaf767', '9', NULL, NULL, NULL, NULL,  current_timestamp);
INSERT INTO programs (program_id, name, code, university_id, form_id, min_age, applicant_type_id, effective_from, deactivated_on, date_modified) VALUES ('8517646d-9b26-4596-9e27-94f3f1a5d34e', 'MSN:InformaticsSpecialization', 'NUR.INFOR.MSN', 'd7580f15-60af-4a48-a0a7-f83c9daaf767', '10', NULL, NULL, NULL, NULL,  current_timestamp);
INSERT INTO programs (program_id, name, code, university_id, form_id, min_age, applicant_type_id, effective_from, deactivated_on, date_modified) VALUES ('85a53fa4-c94e-4f3c-9d5d-c0365bae3e56', 'Post Graduate Certificate in Nursing Informatics', 'NUR.INFOR.PM-GR', 'd7580f15-60af-4a48-a0a7-f83c9daaf767', '10', NULL, NULL, NULL, NULL,  current_timestamp);
INSERT INTO programs (program_id, name, code, university_id, form_id, min_age, applicant_type_id, effective_from, deactivated_on, date_modified) VALUES ('0ddd61c8-3ece-4add-9653-6aeccdda79cd', 'BA in Business Administration/Business Analytics', 'BISKBABUBA', '8599e352-f9c9-439f-b133-9603f5b83032', '8', NULL, NULL, NULL, NULL,  current_timestamp);
INSERT INTO programs (program_id, name, code, university_id, form_id, min_age, applicant_type_id, effective_from, deactivated_on, date_modified) VALUES ('a6e24859-b2ad-434d-abdd-408dd6111d64', 'BA in Business Administration/E-Commerce and Digital Marketing', 'BISKBABUEDM', '8599e352-f9c9-439f-b133-9603f5b83032', '8', NULL, NULL, NULL, NULL,  current_timestamp);
INSERT INTO programs (program_id, name, code, university_id, form_id, min_age, applicant_type_id, effective_from, deactivated_on, date_modified) VALUES ('a7c93f3d-cffa-47db-981a-133f2ee87045', 'BA in Business Administration/Finance', 'BISKBABUF', '8599e352-f9c9-439f-b133-9603f5b83032', '8', NULL, NULL, NULL, NULL,  current_timestamp);
INSERT INTO programs (program_id, name, code, university_id, form_id, min_age, applicant_type_id, effective_from, deactivated_on, date_modified) VALUES ('f78ad711-491f-48da-9df3-81df54f251b9', 'BA in Business Administration/Healthcare Administration', 'BISKBABUHCA', '8599e352-f9c9-439f-b133-9603f5b83032', '8', NULL, NULL, NULL, NULL,  current_timestamp);
INSERT INTO programs (program_id, name, code, university_id, form_id, min_age, applicant_type_id, effective_from, deactivated_on, date_modified) VALUES ('cd0ddd74-3407-4796-a738-ae5a90adc93e', 'BA in Business Administration/Human Resource Management', 'BISKBABUHRM', '8599e352-f9c9-439f-b133-9603f5b83032', '8', NULL, NULL, NULL, NULL,  current_timestamp);
INSERT INTO programs (program_id, name, code, university_id, form_id, min_age, applicant_type_id, effective_from, deactivated_on, date_modified) VALUES ('6604b640-d50c-49d2-b908-282cc7685ab7', 'BA in Business Administration/International Business', 'BISKBABUIB', '8599e352-f9c9-439f-b133-9603f5b83032', '8', NULL, NULL, NULL, NULL,  current_timestamp);
INSERT INTO programs (program_id, name, code, university_id, form_id, min_age, applicant_type_id, effective_from, deactivated_on, date_modified) VALUES ('3cd7100d-0a6e-4c12-b549-63a2eddd5a34', 'BAinPsychology', 'BISKBABUOL', '8599e352-f9c9-439f-b133-9603f5b83032', '8', '0', NULL, NULL, '01/18/2017',  current_timestamp);
INSERT INTO programs (program_id, name, code, university_id, form_id, min_age, applicant_type_id, effective_from, deactivated_on, date_modified) VALUES ('d8987685-3462-4a63-a16e-7313e761049e', 'BA in Business Administration/Project Management', 'BISKBABUPM', '8599e352-f9c9-439f-b133-9603f5b83032', '8', NULL, NULL, NULL, NULL,  current_timestamp);
INSERT INTO programs (program_id, name, code, university_id, form_id, min_age, applicant_type_id, effective_from, deactivated_on, date_modified) VALUES ('acee069e-0365-40ad-bca0-20f1e31e3198', 'BA in Business Administration/Strategic Sales Management', 'BISKBABUSSM', '8599e352-f9c9-439f-b133-9603f5b83032', '8', NULL, NULL, NULL, NULL,  current_timestamp);
INSERT INTO programs (program_id, name, code, university_id, form_id, min_age, applicant_type_id, effective_from, deactivated_on, date_modified) VALUES ('ab904268-66f4-432c-8708-0bdb70e3fd41', 'BA in Communication', 'BISKBACO', '8599e352-f9c9-439f-b133-9603f5b83032', '8', NULL, NULL, NULL, NULL,  current_timestamp);
INSERT INTO programs (program_id, name, code, university_id, form_id, min_age, applicant_type_id, effective_from, deactivated_on, date_modified) VALUES ('50d6b189-4cd4-4a3d-bd12-83f7fbaad3ce', 'BA in Communication/Journalism', 'BISKBACOJ', '8599e352-f9c9-439f-b133-9603f5b83032', '8', NULL, NULL, NULL, NULL,  current_timestamp);
INSERT INTO programs (program_id, name, code, university_id, form_id, min_age, applicant_type_id, effective_from, deactivated_on, date_modified) VALUES ('742e1fb5-fff0-4265-b694-23e2bf7e5ae8', 'BA in Communication/Media Studies', 'BISKBACOMS', '8599e352-f9c9-439f-b133-9603f5b83032', '8', NULL, NULL, NULL, NULL,  current_timestamp);
INSERT INTO programs (program_id, name, code, university_id, form_id, min_age, applicant_type_id, effective_from, deactivated_on, date_modified) VALUES ('b6a13614-9cf6-448e-9198-83f8a2d2f9ed', 'BA in Communication/Public Relations and Advertising', 'BISKBACOPRA', '8599e352-f9c9-439f-b133-9603f5b83032', '8', NULL, NULL, NULL, NULL,  current_timestamp);
INSERT INTO programs (program_id, name, code, university_id, form_id, min_age, applicant_type_id, effective_from, deactivated_on, date_modified) VALUES ('1cc26ee2-9dcd-41aa-b9ac-ca19af97fe47', 'BA in Criminal Justice/Cybersecurity and Information Assurance', 'BISKBACJCIA', '8599e352-f9c9-439f-b133-9603f5b83032', '8', NULL, NULL, NULL, NULL,  current_timestamp);
INSERT INTO programs (program_id, name, code, university_id, form_id, min_age, applicant_type_id, effective_from, deactivated_on, date_modified) VALUES ('6fe04068-8a7b-4a01-a6e9-5da054bc9e8d', 'BA in Criminal Justice/Homeland Security and Emergency Management', 'BISKBACJHSEM', '8599e352-f9c9-439f-b133-9603f5b83032', '8', NULL, NULL, NULL, NULL,  current_timestamp);
INSERT INTO programs (program_id, name, code, university_id, form_id, min_age, applicant_type_id, effective_from, deactivated_on, date_modified) VALUES ('eb737bcb-439e-47be-91b6-c74c2000c247', 'BA in Criminal Justice/Human Services', 'BISKBACJHS', '8599e352-f9c9-439f-b133-9603f5b83032', '8', NULL, NULL, NULL, NULL,  current_timestamp);
INSERT INTO programs (program_id, name, code, university_id, form_id, min_age, applicant_type_id, effective_from, deactivated_on, date_modified) VALUES ('b3c8b324-0efe-479b-a002-b5fa3a81cc11', 'BA in Criminal Justice/Institutional and Community-Based Corrections', 'BISKBACJICC', '8599e352-f9c9-439f-b133-9603f5b83032', '8', NULL, NULL, NULL, NULL,  current_timestamp);
INSERT INTO programs (program_id, name, code, university_id, form_id, min_age, applicant_type_id, effective_from, deactivated_on, date_modified) VALUES ('72b2a281-0f97-479d-bc29-834a6c4ef1e6', 'BA in Criminal Justice/Law Enforcement', 'BISKBACJLE', '8599e352-f9c9-439f-b133-9603f5b83032', '8', NULL, NULL, NULL, NULL,  current_timestamp);
INSERT INTO programs (program_id, name, code, university_id, form_id, min_age, applicant_type_id, effective_from, deactivated_on, date_modified) VALUES ('07804171-db0d-4d27-bfd4-7c35d2325c4e', 'BA in Psychology/Addiction and Substance Abuse', 'BISKBAPSASA', '8599e352-f9c9-439f-b133-9603f5b83032', '8', NULL, NULL, NULL, NULL,  current_timestamp);
INSERT INTO programs (program_id, name, code, university_id, form_id, min_age, applicant_type_id, effective_from, deactivated_on, date_modified) VALUES ('51d1acf8-b010-4aa1-b369-8670fdc176ab', 'BA in Psychology/Applied Behavioral Analysis', 'BISKBAPSABA', '8599e352-f9c9-439f-b133-9603f5b83032', '8', NULL, NULL, NULL, NULL,  current_timestamp);
INSERT INTO programs (program_id, name, code, university_id, form_id, min_age, applicant_type_id, effective_from, deactivated_on, date_modified) VALUES ('e9b69c0e-1040-46ab-aa81-72bcbe65cb58', 'BAinPsychology', 'BISKBAPSAP', '8599e352-f9c9-439f-b133-9603f5b83032', '8', '0', NULL, NULL, '01/18/2017',  current_timestamp);
INSERT INTO programs (program_id, name, code, university_id, form_id, min_age, applicant_type_id, effective_from, deactivated_on, date_modified) VALUES ('e1fc26c1-77bf-49c7-bbad-a66030e57df8', 'BAinPsychology', 'BISKBAPSEP', '8599e352-f9c9-439f-b133-9603f5b83032', '8', '0', NULL, NULL, '01/18/2017',  current_timestamp);
INSERT INTO programs (program_id, name, code, university_id, form_id, min_age, applicant_type_id, effective_from, deactivated_on, date_modified) VALUES ('3e6a1ee5-357a-4c70-a167-65587e8efd62', 'BA in Psychology/Forensic Psychology', 'BISKBAPSFP', '8599e352-f9c9-439f-b133-9603f5b83032', '8', NULL, NULL, NULL, NULL,  current_timestamp);
INSERT INTO programs (program_id, name, code, university_id, form_id, min_age, applicant_type_id, effective_from, deactivated_on, date_modified) VALUES ('369dadd8-a621-403a-bafe-37a7212ecfda', 'BA in Psychology/Human Services', 'BISKBAPSHS', '8599e352-f9c9-439f-b133-9603f5b83032', '8', NULL, NULL, NULL, NULL,  current_timestamp);
INSERT INTO programs (program_id, name, code, university_id, form_id, min_age, applicant_type_id, effective_from, deactivated_on, date_modified) VALUES ('7c16b002-1d49-45e7-ad56-835c4a6ebf48', 'BA in Psychology/Marriage Therapy and Family Counseling', 'BISKBAPSMTFC', '8599e352-f9c9-439f-b133-9603f5b83032', '8', NULL, NULL, NULL, NULL,  current_timestamp);
INSERT INTO programs (program_id, name, code, university_id, form_id, min_age, applicant_type_id, effective_from, deactivated_on, date_modified) VALUES ('c8a00717-b9af-48ce-98e3-8708a5068a4f', 'BAinPsychology', 'BISKBAPSSP', '8599e352-f9c9-439f-b133-9603f5b83032', '8', '0', NULL, NULL, '01/18/2017',  current_timestamp);
INSERT INTO programs (program_id, name, code, university_id, form_id, min_age, applicant_type_id, effective_from, deactivated_on, date_modified) VALUES ('2e159b02-7ba8-4189-b290-150e67b5ff2c', 'BS in Healthcare Administration/Health Informatics', 'BISKBSHCAHI', '8599e352-f9c9-439f-b133-9603f5b83032', '8', NULL, NULL, NULL, NULL,  current_timestamp);
INSERT INTO programs (program_id, name, code, university_id, form_id, min_age, applicant_type_id, effective_from, deactivated_on, date_modified) VALUES ('3bbadcbd-f6f3-41bb-b87e-ab1c13f87331', NULL, 'BISKCAC', '8599e352-f9c9-439f-b133-9603f5b83032', '8', '0', NULL, NULL, '01/18/2017',  current_timestamp);
INSERT INTO programs (program_id, name, code, university_id, form_id, min_age, applicant_type_id, effective_from, deactivated_on, date_modified) VALUES ('12584eb5-c8a9-4051-ac1c-5bdd76a68844', NULL, 'BISKCASA', '8599e352-f9c9-439f-b133-9603f5b83032', '8', '0', NULL, NULL, '01/18/2017',  current_timestamp);
INSERT INTO programs (program_id, name, code, university_id, form_id, min_age, applicant_type_id, effective_from, deactivated_on, date_modified) VALUES ('1be41e01-c89c-49a5-b31c-f063e3250de4', NULL, 'BISKCTCIA', '8599e352-f9c9-439f-b133-9603f5b83032', '8', '0', NULL, NULL, '01/18/2017',  current_timestamp);
INSERT INTO programs (program_id, name, code, university_id, form_id, min_age, applicant_type_id, effective_from, deactivated_on, date_modified) VALUES ('814c3e96-f722-4082-94dc-e3c72d2c82da', NULL, 'BISKCEDM', '8599e352-f9c9-439f-b133-9603f5b83032', '8', '0', NULL, NULL, '01/18/2017',  current_timestamp);
INSERT INTO programs (program_id, name, code, university_id, form_id, min_age, applicant_type_id, effective_from, deactivated_on, date_modified) VALUES ('2be268e6-7f01-45a9-87a0-99cbfadddae8', NULL, 'BISKCFP', '8599e352-f9c9-439f-b133-9603f5b83032', '8', '0', NULL, NULL, '01/18/2017',  current_timestamp);
INSERT INTO programs (program_id, name, code, university_id, form_id, min_age, applicant_type_id, effective_from, deactivated_on, date_modified) VALUES ('b80bdda5-cfb9-4ef7-9796-129db239b3db', NULL, 'BISKCHI', '8599e352-f9c9-439f-b133-9603f5b83032', '8', '0', NULL, NULL, '01/18/2017',  current_timestamp);
INSERT INTO programs (program_id, name, code, university_id, form_id, min_age, applicant_type_id, effective_from, deactivated_on, date_modified) VALUES ('522f27fd-27f2-4e6c-846e-00dab60820b7', NULL, 'BISKCHCA', '8599e352-f9c9-439f-b133-9603f5b83032', '8', '0', NULL, NULL, '01/18/2017',  current_timestamp);
INSERT INTO programs (program_id, name, code, university_id, form_id, min_age, applicant_type_id, effective_from, deactivated_on, date_modified) VALUES ('50e2e96e-2d3f-43fb-b9ae-b154e8fba88c', NULL, 'BISKCHSE', '8599e352-f9c9-439f-b133-9603f5b83032', '8', '0', NULL, NULL, '01/18/2017',  current_timestamp);
INSERT INTO programs (program_id, name, code, university_id, form_id, min_age, applicant_type_id, effective_from, deactivated_on, date_modified) VALUES ('290d89e5-4a80-4cf5-ac17-b2674b6de53c', NULL, 'BISKCICC', '8599e352-f9c9-439f-b133-9603f5b83032', '8', '0', NULL, NULL, '01/18/2017',  current_timestamp);
INSERT INTO programs (program_id, name, code, university_id, form_id, min_age, applicant_type_id, effective_from, deactivated_on, date_modified) VALUES ('9dbff032-cefd-416d-9bfe-6c3a9ce2937d', NULL, 'BISKCIB', '8599e352-f9c9-439f-b133-9603f5b83032', '8', '0', NULL, NULL, '01/18/2017',  current_timestamp);
INSERT INTO programs (program_id, name, code, university_id, form_id, min_age, applicant_type_id, effective_from, deactivated_on, date_modified) VALUES ('a339dd23-446c-4fae-a48d-512f27b82338', NULL, 'BISKCLE', '8599e352-f9c9-439f-b133-9603f5b83032', '8', '0', NULL, NULL, '01/18/2017',  current_timestamp);
INSERT INTO programs (program_id, name, code, university_id, form_id, min_age, applicant_type_id, effective_from, deactivated_on, date_modified) VALUES ('b27df581-337c-40c1-80a5-ea9acf505acd', NULL, 'BISKCMKT', '8599e352-f9c9-439f-b133-9603f5b83032', '8', '0', NULL, NULL, '01/18/2017',  current_timestamp);
INSERT INTO programs (program_id, name, code, university_id, form_id, min_age, applicant_type_id, effective_from, deactivated_on, date_modified) VALUES ('fcbbee74-f5b3-40b2-b998-87f75c8b42f9', NULL, 'BISKCOL', '8599e352-f9c9-439f-b133-9603f5b83032', '8', '0', NULL, NULL, '01/18/2017',  current_timestamp);
INSERT INTO programs (program_id, name, code, university_id, form_id, min_age, applicant_type_id, effective_from, deactivated_on, date_modified) VALUES ('a21dfa3b-fa24-4f51-8c1d-147d019a8671', 'AA Aviation Management', 'AV-MGT-U-AA', '114f6a67-d311-472e-838b-85f975a1dbe5', '1', '18', NULL, NULL, NULL,  current_timestamp);
INSERT INTO programs (program_id, name, code, university_id, form_id, min_age, applicant_type_id, effective_from, deactivated_on, date_modified) VALUES ('638c4568-22b3-4fa3-9c31-cad2e6bdc21e', 'AA Management', 'MGMT-U-AA', '114f6a67-d311-472e-838b-85f975a1dbe5', '1', NULL, NULL, NULL, NULL,  current_timestamp);
INSERT INTO programs (program_id, name, code, university_id, form_id, min_age, applicant_type_id, effective_from, deactivated_on, date_modified) VALUES ('3e487733-dd2a-4cfa-8689-a50c3e747978', 'BA Management', 'MGMT24-U-BA', '114f6a67-d311-472e-838b-85f975a1dbe5', '1', NULL, NULL, NULL, NULL,  current_timestamp);
INSERT INTO programs (program_id, name, code, university_id, form_id, min_age, applicant_type_id, effective_from, deactivated_on, date_modified) VALUES ('7ef9c323-aee9-4692-ad1f-5e49e485e832', 'MAOrganizationalLeadership', 'ORGLEAD-U-MA', '114f6a67-d311-472e-838b-85f975a1dbe5', '3', NULL, NULL, NULL, NULL,  current_timestamp);
INSERT INTO programs (program_id, name, code, university_id, form_id, min_age, applicant_type_id, effective_from, deactivated_on, date_modified) VALUES ('8933f0e1-1ab9-4996-9204-3dad5db904bb', 'Master of Business Administration', 'BISKMBA', '8599e352-f9c9-439f-b133-9603f5b83032', '23', '0', NULL, '08/02/2016', '01/18/2017',  current_timestamp);
INSERT INTO programs (program_id, name, code, university_id, form_id, min_age, applicant_type_id, effective_from, deactivated_on, date_modified) VALUES ('2cc3bc22-2c21-4d41-a8d7-2868a4e3b2bc', 'MBA/BusinessAnalytics', 'BISKMBAGRBA', '8599e352-f9c9-439f-b133-9603f5b83032', '23', '0', NULL, '08/02/2016', '01/18/2017',  current_timestamp);
INSERT INTO programs (program_id, name, code, university_id, form_id, min_age, applicant_type_id, effective_from, deactivated_on, date_modified) VALUES ('faede239-0bc2-498f-8baa-0b93d993966e', 'MBA/DigitalandSocialMedia', 'BISKMBADSM', '8599e352-f9c9-439f-b133-9603f5b83032', '23', '0', NULL, '08/02/2016', '01/18/2017',  current_timestamp);
INSERT INTO programs (program_id, name, code, university_id, form_id, min_age, applicant_type_id, effective_from, deactivated_on, date_modified) VALUES ('b5a23c18-c393-415d-b309-34f01ea8c5b2', 'MBA/E-Commerce', 'BISKMBAGREC', '8599e352-f9c9-439f-b133-9603f5b83032', '23', '0', NULL, '08/02/2016', '01/18/2017',  current_timestamp);
INSERT INTO programs (program_id, name, code, university_id, form_id, min_age, applicant_type_id, effective_from, deactivated_on, date_modified) VALUES ('709869de-68da-4082-b8f5-6a725b30b008', 'MBA/Entrepreneurship', 'BISKMBAGREN', '8599e352-f9c9-439f-b133-9603f5b83032', '23', '0', NULL, '08/02/2016', '01/18/2017',  current_timestamp);
INSERT INTO programs (program_id, name, code, university_id, form_id, min_age, applicant_type_id, effective_from, deactivated_on, date_modified) VALUES ('47bf6a11-384b-4de9-93f9-638851049aef', 'MBA/HealthInformatics', 'BISKMBAGRHI ', '8599e352-f9c9-439f-b133-9603f5b83032', '23', '0', NULL, '08/02/2016', '01/18/2017',  current_timestamp);
INSERT INTO programs (program_id, name, code, university_id, form_id, min_age, applicant_type_id, effective_from, deactivated_on, date_modified) VALUES ('31dae32e-1cb9-4bd0-868a-0b0a8ab28958', 'MBA/Health Care Management', 'BISKMBAHCM', '8599e352-f9c9-439f-b133-9603f5b83032', '23', '0', NULL, '08/02/2016', '01/18/2017',  current_timestamp);
INSERT INTO programs (program_id, name, code, university_id, form_id, min_age, applicant_type_id, effective_from, deactivated_on, date_modified) VALUES ('93c9433b-05d7-417f-8305-efe1d0a166d2', 'MBA/HumanResourceManagement', 'BISKMBAGRHR', '8599e352-f9c9-439f-b133-9603f5b83032', '23', '0', NULL, '08/02/2016', '01/18/2017',  current_timestamp);
INSERT INTO programs (program_id, name, code, university_id, form_id, min_age, applicant_type_id, effective_from, deactivated_on, date_modified) VALUES ('88c5864d-ba40-49ca-bd1d-b489ea1332b7', 'MBA International Business', 'BISKMBAGRIB', '8599e352-f9c9-439f-b133-9603f5b83032', '23', '0', NULL, '08/02/2016', '01/18/2017',  current_timestamp);
INSERT INTO programs (program_id, name, code, university_id, form_id, min_age, applicant_type_id, effective_from, deactivated_on, date_modified) VALUES ('97bbebb6-51be-4ac7-a6e4-287ec3df336e', 'MBA/MarketingManagement', 'BISKMBAGRM', '8599e352-f9c9-439f-b133-9603f5b83032', '23', '0', NULL, '08/02/2016', '01/18/2017',  current_timestamp);
INSERT INTO programs (program_id, name, code, university_id, form_id, min_age, applicant_type_id, effective_from, deactivated_on, date_modified) VALUES ('07983bb8-8f28-4796-bfa6-fe026137be4c', 'MBA/NonprofitLeadership', 'BISKMBANPL', '8599e352-f9c9-439f-b133-9603f5b83032', '23', '0', NULL, '08/02/2016', '01/18/2017',  current_timestamp);
INSERT INTO programs (program_id, name, code, university_id, form_id, min_age, applicant_type_id, effective_from, deactivated_on, date_modified) VALUES ('fa1832c3-b230-4969-8f93-ed1f2f737738', 'MBA/Operations Management', 'BISKMBAGDOP', '8599e352-f9c9-439f-b133-9603f5b83032', '23', '0', NULL, '08/02/2016', '01/18/2017',  current_timestamp);
INSERT INTO programs (program_id, name, code, university_id, form_id, min_age, applicant_type_id, effective_from, deactivated_on, date_modified) VALUES ('35e1d93c-8f66-46ba-a1ba-019645ff51b3', 'MBA Project Management', 'BISKMBAPM', '8599e352-f9c9-439f-b133-9603f5b83032', '23', '0', NULL, '08/02/2016', '01/18/2017',  current_timestamp);
INSERT INTO programs (program_id, name, code, university_id, form_id, min_age, applicant_type_id, effective_from, deactivated_on, date_modified) VALUES ('c02b214c-a822-49cb-89f3-6bb9a40d373d', 'MBA/SportsandRecreationManagement', 'BISKMBASRM', '8599e352-f9c9-439f-b133-9603f5b83032', '23', '0', NULL, '08/02/2016', '01/18/2017',  current_timestamp);
INSERT INTO programs (program_id, name, code, university_id, form_id, min_age, applicant_type_id, effective_from, deactivated_on, date_modified) VALUES ('8355f802-59a4-436c-ad2f-a6a4b0c36f42', 'MBA/StrategicLeadership', 'BISKMBASL', '8599e352-f9c9-439f-b133-9603f5b83032', '23', '0', NULL, '08/02/2016', '01/18/2017',  current_timestamp);
INSERT INTO programs (program_id, name, code, university_id, form_id, min_age, applicant_type_id, effective_from, deactivated_on, date_modified) VALUES ('576d5720-dfff-438f-a664-d30fc5eaf555', 'MBA/StrategicSalesManagement', 'BISKMBAGDSS', '8599e352-f9c9-439f-b133-9603f5b83032', '23', '0', NULL, '08/02/2016', '01/18/2017',  current_timestamp);
INSERT INTO programs (program_id, name, code, university_id, form_id, min_age, applicant_type_id, effective_from, deactivated_on, date_modified) VALUES ('b61db3c9-b11c-4b96-a5eb-a24a28c35b62', 'Graduate Certificate/Digital and Social Media', 'BISKGCDS', '8599e352-f9c9-439f-b133-9603f5b83032', '23', '0', NULL, '08/02/2016', '01/18/2017',  current_timestamp);
INSERT INTO programs (program_id, name, code, university_id, form_id, min_age, applicant_type_id, effective_from, deactivated_on, date_modified) VALUES ('11863c0e-dec7-4a30-80aa-21003271ddec', 'Graduate Certificate/Health Informatics', 'BISKGCHI', '8599e352-f9c9-439f-b133-9603f5b83032', '23', '0', NULL, '08/02/2016', '01/18/2017',  current_timestamp);
INSERT INTO programs (program_id, name, code, university_id, form_id, min_age, applicant_type_id, effective_from, deactivated_on, date_modified) VALUES ('43b75bf5-5068-4084-90fa-c5a1afbd38e0', 'Graduate Certificate/Healthcare Management', 'BISKGCHM', '8599e352-f9c9-439f-b133-9603f5b83032', '23', '0', NULL, '08/02/2016', '01/18/2017',  current_timestamp);
INSERT INTO programs (program_id, name, code, university_id, form_id, min_age, applicant_type_id, effective_from, deactivated_on, date_modified) VALUES ('51c4c0c7-6e49-4e7d-bc85-d3e2d35abdc3', 'Graduate Certificate/Operations Management', 'BISKGCOP', '8599e352-f9c9-439f-b133-9603f5b83032', '23', '0', NULL, '08/02/2016', '01/18/2017',  current_timestamp);
INSERT INTO programs (program_id, name, code, university_id, form_id, min_age, applicant_type_id, effective_from, deactivated_on, date_modified) VALUES ('323850cb-51b9-4845-811f-9ecc5940c636', 'Graduate Certificate/Operations Management', 'BISKGCSM', '8599e352-f9c9-439f-b133-9603f5b83032', '23', '0', NULL, '08/02/2016', '01/18/2017',  current_timestamp);
INSERT INTO programs (program_id, name, code, university_id, form_id, min_age, applicant_type_id, effective_from, deactivated_on, date_modified) VALUES ('7ac5e429-0876-436f-a643-73de41acd75f', 'Graduate Certificate/Strategic Leadership', 'BISKCSL', '8599e352-f9c9-439f-b133-9603f5b83032', '23', '0', NULL, '08/02/2016', '01/18/2017',  current_timestamp);
INSERT INTO programs (program_id, name, code, university_id, form_id, min_age, applicant_type_id, effective_from, deactivated_on, date_modified) VALUES ('35e6af29-cc10-4b96-aea4-2f9352edc80a', 'Graduate Certificate/Business Analytics', 'BISKGCBA', '8599e352-f9c9-439f-b133-9603f5b83032', '23', '0', NULL, '08/02/2016', '01/18/2017',  current_timestamp);
INSERT INTO programs (program_id, name, code, university_id, form_id, min_age, applicant_type_id, effective_from, deactivated_on, date_modified) VALUES ('0aa5bac7-fa56-48bf-8f53-30d18a539d4d', 'Graduate Certificate/Marketing Management', 'BISKGCMM', '8599e352-f9c9-439f-b133-9603f5b83032', '23', '0', NULL, '08/02/2016', '01/18/2017',  current_timestamp);
INSERT INTO programs (program_id, name, code, university_id, form_id, min_age, applicant_type_id, effective_from, deactivated_on, date_modified) VALUES ('d641d5e7-1396-43c7-a38a-d61203789cd2', 'Post Graduate Certificate: Clinical Nurse Educator', 'NUR.CNEDU.PM-GR', 'd7580f15-60af-4a48-a0a7-f83c9daaf767', '10', NULL, NULL, '09/12/2016', NULL,  current_timestamp);
INSERT INTO programs (program_id, name, code, university_id, form_id, min_age, applicant_type_id, effective_from, deactivated_on, date_modified) VALUES ('216ed281-fc5f-429d-9b5d-d57eb2b25ea8', 'Post Graduate Certificate: Leadership in Healthcar', 'NUR.LHCS.PM-GR', 'd7580f15-60af-4a48-a0a7-f83c9daaf767', '10', NULL, NULL, '09/12/2016', NULL,  current_timestamp);
INSERT INTO programs (program_id, name, code, university_id, form_id, min_age, applicant_type_id, effective_from, deactivated_on, date_modified) VALUES ('f6cecddb-7d66-4826-aff7-f9ebe3706cd0', 'BA Human Resources Management', 'HR-MGT-U-BA', '114f6a67-d311-472e-838b-85f975a1dbe5', '1', '0', NULL, '12/01/2016', NULL,  current_timestamp);
INSERT INTO programs (program_id, name, code, university_id, form_id, min_age, applicant_type_id, effective_from, deactivated_on, date_modified) VALUES ('d129536e-625e-4b14-809e-9b3f2b9e1c7c', 'MasterofPublicAdministration', 'GPCMCT', '82567a31-ac39-4f4f-88f3-83e5eca77314', '6', NULL, NULL, NULL, NULL,  current_timestamp);
INSERT INTO programs (program_id, name, code, university_id, form_id, min_age, applicant_type_id, effective_from, deactivated_on, date_modified) VALUES ('e954a20a-99b9-4c35-8ff3-e92a7bfbe853', 'MasterofPublicAdministration', 'GNPMCT', '82567a31-ac39-4f4f-88f3-83e5eca77314', '6', NULL, NULL, NULL, NULL,  current_timestamp);
INSERT INTO programs (program_id, name, code, university_id, form_id, min_age, applicant_type_id, effective_from, deactivated_on, date_modified) VALUES ('c4adab3d-2ce3-4492-8d74-0c10cc191d8c', 'MasterofPublicAdministration', 'GPADCT', '82567a31-ac39-4f4f-88f3-83e5eca77314', '6', NULL, NULL, NULL, NULL,  current_timestamp);
INSERT INTO programs (program_id, name, code, university_id, form_id, min_age, applicant_type_id, effective_from, deactivated_on, date_modified) VALUES ('1a0c4c84-d7e5-4f26-beed-f17d2b33fbff', 'MSOrganizationalLeadership', 'OLEAD.MS', 'd7580f15-60af-4a48-a0a7-f83c9daaf767', '10', '0', '10', NULL, NULL,  current_timestamp);
INSERT INTO programs (program_id, name, code, university_id, form_id, min_age, applicant_type_id, effective_from, deactivated_on, date_modified) VALUES ('35a6f546-2f3b-42c9-8a43-3978d3ecff77', 'MSAppliedBusinessAnalytics', 'ABA.MS', 'd7580f15-60af-4a48-a0a7-f83c9daaf767', '10', '0', '10', NULL, NULL,  current_timestamp);
INSERT INTO programs (program_id, name, code, university_id, form_id, min_age, applicant_type_id, effective_from, deactivated_on, date_modified) VALUES ('38cdb658-3d1c-4837-bd2d-49cb283b30cb', 'Health', 'XHN', '23a720aa-d2d6-4e4c-8015-271e94dca82d', '15', '-1', NULL, '10/12/2017', NULL,  current_timestamp);
INSERT INTO programs (program_id, name, code, university_id, form_id, min_age, applicant_type_id, effective_from, deactivated_on, date_modified) VALUES ('fb254eca-9af5-450d-8092-c4fc19b52ec7', 'Health', 'HIFBHAP', '23a720aa-d2d6-4e4c-8015-271e94dca82d', '14', '-1', NULL, '08/24/2017', NULL,  current_timestamp);
INSERT INTO programs (program_id, name, code, university_id, form_id, min_age, applicant_type_id, effective_from, deactivated_on, date_modified) VALUES ('0b79ea9b-4e50-499f-9896-56c896670f60', 'MBA/Management', 'MBA.MGT.MBA', 'd7580f15-60af-4a48-a0a7-f83c9daaf767', '10', '-1', '12', '08/22/2017', NULL,  current_timestamp);
INSERT INTO programs (program_id, name, code, university_id, form_id, min_age, applicant_type_id, effective_from, deactivated_on, date_modified) VALUES ('8d4d5a2b-89c6-465c-aa19-384395093a0c', 'MBA', 'MBA.MBA', 'd7580f15-60af-4a48-a0a7-f83c9daaf767', '10', '-1', '12', '08/22/2017', NULL,  current_timestamp);
INSERT INTO programs (program_id, name, code, university_id, form_id, min_age, applicant_type_id, effective_from, deactivated_on, date_modified) VALUES ('563299e7-4804-4763-b437-4d1a3af2dad9', 'MBAinGlobalSupplyChainManagement', 'GSCMGT-U-MBA', '114f6a67-d311-472e-838b-85f975a1dbe5', '3', '0', NULL, '09/21/2017', '08/13/2019',  current_timestamp);
INSERT INTO programs (program_id, name, code, university_id, form_id, min_age, applicant_type_id, effective_from, deactivated_on, date_modified) VALUES ('87087ddc-9adf-4a34-a4c7-28d61fafe92d', 'MBAinProjectManagementinInformationTechnology', 'PM-IT-U-MBA', '114f6a67-d311-472e-838b-85f975a1dbe5', '3', '0', NULL, '09/21/2017', NULL,  current_timestamp);
INSERT INTO programs (program_id, name, code, university_id, form_id, min_age, applicant_type_id, effective_from, deactivated_on, date_modified) VALUES ('7cc3e92f-d796-4861-b764-e031e3e84cb4', 'MSN/MBA', 'NUR.BUS.MSNBA', 'd7580f15-60af-4a48-a0a7-f83c9daaf767', '10', NULL, '13', '11/14/2017', NULL,  current_timestamp);
INSERT INTO programs (program_id, name, code, university_id, form_id, min_age, applicant_type_id, effective_from, deactivated_on, date_modified) VALUES ('eeb1c4d5-2947-4805-a05f-dab6bd14b56f', 'HealthcareManagement', '6091', '9d9b275b-70f4-4c58-9a37-d2916d5307bc', '18', NULL, NULL, NULL, NULL,  current_timestamp);
INSERT INTO programs (program_id, name, code, university_id, form_id, min_age, applicant_type_id, effective_from, deactivated_on, date_modified) VALUES ('309aa00c-4ac5-4033-8fea-a9f0961ea411', 'HealthcareManagement', '6090', '9d9b275b-70f4-4c58-9a37-d2916d5307bc', '18', NULL, NULL, NULL, NULL,  current_timestamp);
INSERT INTO programs (program_id, name, code, university_id, form_id, min_age, applicant_type_id, effective_from, deactivated_on, date_modified) VALUES ('a664a19b-9434-4d5e-96e2-54b28907c2de', 'MSABA/MBA', 'ABA.BUS.MS.MBA', 'd7580f15-60af-4a48-a0a7-f83c9daaf767', '10', '0', '10', NULL, NULL,  current_timestamp);
INSERT INTO programs (program_id, name, code, university_id, form_id, min_age, applicant_type_id, effective_from, deactivated_on, date_modified) VALUES ('129f64d6-d2f0-415c-9a80-c7b20e03504f', 'MSABA/MSOL', 'ABA.OLEAD.MS', 'd7580f15-60af-4a48-a0a7-f83c9daaf767', '10', '0', '10', NULL, NULL,  current_timestamp);
INSERT INTO programs (program_id, name, code, university_id, form_id, min_age, applicant_type_id, effective_from, deactivated_on, date_modified) VALUES ('94d21922-a416-46e1-a59a-5a5d8f03bc0d', 'HRAnalytics&ResearchCertificate', 'GANRCT', '82567a31-ac39-4f4f-88f3-83e5eca77314', '6', '0', NULL, '11/15/2018', NULL,  current_timestamp);
INSERT INTO programs (program_id, name, code, university_id, form_id, min_age, applicant_type_id, effective_from, deactivated_on, date_modified) VALUES ('29fa842c-0377-4a8b-bb28-23919f0f6449', 'HRBusinessPartnerCertificate', 'GHRBCT', '82567a31-ac39-4f4f-88f3-83e5eca77314', '6', '0', NULL, '11/15/2018', NULL,  current_timestamp);
INSERT INTO programs (program_id, name, code, university_id, form_id, min_age, applicant_type_id, effective_from, deactivated_on, date_modified) VALUES ('31115cd0-8f0a-43aa-86da-2c7dfb01e196', 'HRLeadershipCertificate', 'GHRLCT', '82567a31-ac39-4f4f-88f3-83e5eca77314', '6', NULL, NULL, '11/15/2018', NULL,  current_timestamp);
INSERT INTO programs (program_id, name, code, university_id, form_id, min_age, applicant_type_id, effective_from, deactivated_on, date_modified) VALUES ('094c19af-6d64-4cba-8bd9-d3f5215229a7', 'OrganizationDevelopmentCertificate', 'GORGCT', '82567a31-ac39-4f4f-88f3-83e5eca77314', '6', NULL, NULL, '11/15/2018', NULL,  current_timestamp);


-- program_discipline Initial Data
INSERT INTO program_discipline (program_discipline_id, discipline_id, program_id, date_modified) VALUES ('1115133a-e7e9-444f-ba05-865bc95f581b', 'd8409015-03bb-4543-b4c1-69ecdc3f5e0f', 'f3605052-d691-43ea-b78a-0b44171c328f', current_timestamp);
INSERT INTO program_discipline (program_discipline_id, discipline_id, program_id, date_modified) VALUES ('8218d4fd-339f-4811-b155-5369096d33ac', 'd8409015-03bb-4543-b4c1-69ecdc3f5e0f', '3d945164-3e0e-47a9-b441-fce5f8b7adc5', current_timestamp);
INSERT INTO program_discipline (program_discipline_id, discipline_id, program_id, date_modified) VALUES ('74e43794-ce29-461e-9f3e-38736be0bdf0', 'd8409015-03bb-4543-b4c1-69ecdc3f5e0f', '6a17234a-b165-42bb-b5b3-58afded37861', current_timestamp);
INSERT INTO program_discipline (program_discipline_id, discipline_id, program_id, date_modified) VALUES ('68cbf9d7-766b-4fea-9213-a9fc94764c10', 'd8409015-03bb-4543-b4c1-69ecdc3f5e0f', 'a7c93f3d-cffa-47db-981a-133f2ee87045', current_timestamp);
INSERT INTO program_discipline (program_discipline_id, discipline_id, program_id, date_modified) VALUES ('72a75dfa-4f9b-4249-be80-589a53d2557a', 'd8409015-03bb-4543-b4c1-69ecdc3f5e0f', '3bbadcbd-f6f3-41bb-b87e-ab1c13f87331', current_timestamp);
INSERT INTO program_discipline (program_discipline_id, discipline_id, program_id, date_modified) VALUES ('321fe03c-bc39-48ec-8655-04e8a52149a7', 'dafb6c09-3498-49b8-9ddc-be35df00ab3d', 'f3605052-d691-43ea-b78a-0b44171c328f', current_timestamp);
INSERT INTO program_discipline (program_discipline_id, discipline_id, program_id, date_modified) VALUES ('392dd905-fddc-48a2-b26b-9637d3ff8a35', 'dafb6c09-3498-49b8-9ddc-be35df00ab3d', '3d945164-3e0e-47a9-b441-fce5f8b7adc5', current_timestamp);
INSERT INTO program_discipline (program_discipline_id, discipline_id, program_id, date_modified) VALUES ('d8e8ce94-d6aa-4888-bd60-f7897090ef8b', 'dafb6c09-3498-49b8-9ddc-be35df00ab3d', '517be94f-35af-4f31-9b2e-e10d17c91d50', current_timestamp);
INSERT INTO program_discipline (program_discipline_id, discipline_id, program_id, date_modified) VALUES ('7d00b540-c495-4bef-b725-f282ef59f745', 'dafb6c09-3498-49b8-9ddc-be35df00ab3d', '28b2d41a-3625-4181-8c3b-d4334cc708dc', current_timestamp);
INSERT INTO program_discipline (program_discipline_id, discipline_id, program_id, date_modified) VALUES ('d4745f04-83c2-423f-96a2-e228b557b70a', 'dafb6c09-3498-49b8-9ddc-be35df00ab3d', '6a17234a-b165-42bb-b5b3-58afded37861', current_timestamp);
INSERT INTO program_discipline (program_discipline_id, discipline_id, program_id, date_modified) VALUES ('e4aa80ff-b399-4735-a46f-33af9c05811f', 'dafb6c09-3498-49b8-9ddc-be35df00ab3d', 'e33e48c4-7553-4ff1-b1fa-bbe65bede1fc', current_timestamp);
INSERT INTO program_discipline (program_discipline_id, discipline_id, program_id, date_modified) VALUES ('6809d19b-4e58-48ff-9d24-bef2ccceeb52', 'dafb6c09-3498-49b8-9ddc-be35df00ab3d', 'e618d3ee-2cf5-4e43-8a00-cc1c1ca88469', current_timestamp);
INSERT INTO program_discipline (program_discipline_id, discipline_id, program_id, date_modified) VALUES ('14cd4dda-72a6-40a5-a4d3-e4dfd8935be4', 'dafb6c09-3498-49b8-9ddc-be35df00ab3d', '0109004a-ae7c-4810-a7d5-1fe6586d75c5', current_timestamp);
INSERT INTO program_discipline (program_discipline_id, discipline_id, program_id, date_modified) VALUES ('61215cab-e91d-45ec-878e-5e5ca09c4b72', 'dafb6c09-3498-49b8-9ddc-be35df00ab3d', '0ddd61c8-3ece-4add-9653-6aeccdda79cd', current_timestamp);
INSERT INTO program_discipline (program_discipline_id, discipline_id, program_id, date_modified) VALUES ('bc6bfd12-870c-49b0-8197-b54360e53853', 'dafb6c09-3498-49b8-9ddc-be35df00ab3d', 'a6e24859-b2ad-434d-abdd-408dd6111d64', current_timestamp);
INSERT INTO program_discipline (program_discipline_id, discipline_id, program_id, date_modified) VALUES ('3fec12d5-4067-498c-9aea-a350186cd010', 'dafb6c09-3498-49b8-9ddc-be35df00ab3d', 'a7c93f3d-cffa-47db-981a-133f2ee87045', current_timestamp);
INSERT INTO program_discipline (program_discipline_id, discipline_id, program_id, date_modified) VALUES ('fe6b221e-ac6d-49e1-90b8-01c227f4b46d', 'dafb6c09-3498-49b8-9ddc-be35df00ab3d', 'f78ad711-491f-48da-9df3-81df54f251b9', current_timestamp);
INSERT INTO program_discipline (program_discipline_id, discipline_id, program_id, date_modified) VALUES ('8ff34bdb-3323-4566-8a21-02c331249ddf', 'dafb6c09-3498-49b8-9ddc-be35df00ab3d', 'cd0ddd74-3407-4796-a738-ae5a90adc93e', current_timestamp);
INSERT INTO program_discipline (program_discipline_id, discipline_id, program_id, date_modified) VALUES ('09e25df0-401f-4c45-9ae4-c98e21104c8a', 'dafb6c09-3498-49b8-9ddc-be35df00ab3d', '6604b640-d50c-49d2-b908-282cc7685ab7', current_timestamp);
INSERT INTO program_discipline (program_discipline_id, discipline_id, program_id, date_modified) VALUES ('8b824712-b2ae-458a-80ca-6a5c209ed1c4', 'dafb6c09-3498-49b8-9ddc-be35df00ab3d', '3cd7100d-0a6e-4c12-b549-63a2eddd5a34', current_timestamp);
INSERT INTO program_discipline (program_discipline_id, discipline_id, program_id, date_modified) VALUES ('bc01515f-d331-4a5f-97a3-8804b65fbb61', 'dafb6c09-3498-49b8-9ddc-be35df00ab3d', 'd8987685-3462-4a63-a16e-7313e761049e', current_timestamp);
INSERT INTO program_discipline (program_discipline_id, discipline_id, program_id, date_modified) VALUES ('091e5f33-bcab-4850-8ea5-1bbfe5ea8314', 'dafb6c09-3498-49b8-9ddc-be35df00ab3d', 'acee069e-0365-40ad-bca0-20f1e31e3198', current_timestamp);
INSERT INTO program_discipline (program_discipline_id, discipline_id, program_id, date_modified) VALUES ('8283258b-2d83-4c36-b34b-42e78acfe22f', 'dafb6c09-3498-49b8-9ddc-be35df00ab3d', 'ab904268-66f4-432c-8708-0bdb70e3fd41', current_timestamp);
INSERT INTO program_discipline (program_discipline_id, discipline_id, program_id, date_modified) VALUES ('c5236b5f-0b1a-458a-afbd-69e717fdf260', 'dafb6c09-3498-49b8-9ddc-be35df00ab3d', '50d6b189-4cd4-4a3d-bd12-83f7fbaad3ce', current_timestamp);
INSERT INTO program_discipline (program_discipline_id, discipline_id, program_id, date_modified) VALUES ('ec22efd7-15c5-4596-bdc2-d4646dfbcaa9', 'dafb6c09-3498-49b8-9ddc-be35df00ab3d', '742e1fb5-fff0-4265-b694-23e2bf7e5ae8', current_timestamp);
INSERT INTO program_discipline (program_discipline_id, discipline_id, program_id, date_modified) VALUES ('28061f5f-e7bd-479b-926d-635c6452b0fb', 'dafb6c09-3498-49b8-9ddc-be35df00ab3d', 'b6a13614-9cf6-448e-9198-83f8a2d2f9ed', current_timestamp);
INSERT INTO program_discipline (program_discipline_id, discipline_id, program_id, date_modified) VALUES ('4855629b-be7f-420a-b181-8001ee7006e7', 'dafb6c09-3498-49b8-9ddc-be35df00ab3d', '9dbff032-cefd-416d-9bfe-6c3a9ce2937d', current_timestamp);
INSERT INTO program_discipline (program_discipline_id, discipline_id, program_id, date_modified) VALUES ('4f2ac735-27de-47cf-b855-afd8dffec7fc', 'dafb6c09-3498-49b8-9ddc-be35df00ab3d', 'fcbbee74-f5b3-40b2-b998-87f75c8b42f9', current_timestamp);
INSERT INTO program_discipline (program_discipline_id, discipline_id, program_id, date_modified) VALUES ('baf96a4b-9302-4351-90f4-fea7f2ee8bc3', 'dafb6c09-3498-49b8-9ddc-be35df00ab3d', '3bbadcbd-f6f3-41bb-b87e-ab1c13f87331', current_timestamp);
INSERT INTO program_discipline (program_discipline_id, discipline_id, program_id, date_modified) VALUES ('41f84275-eb75-4f08-b7b9-c922a6b16325', 'dafb6c09-3498-49b8-9ddc-be35df00ab3d', '814c3e96-f722-4082-94dc-e3c72d2c82da', current_timestamp);
INSERT INTO program_discipline (program_discipline_id, discipline_id, program_id, date_modified) VALUES ('065db411-a85d-4b0a-a0e8-5024cf59e006', 'dafb6c09-3498-49b8-9ddc-be35df00ab3d', 'b27df581-337c-40c1-80a5-ea9acf505acd', current_timestamp);
INSERT INTO program_discipline (program_discipline_id, discipline_id, program_id, date_modified) VALUES ('0964a536-56c6-4816-949e-bacf65c43cfe', 'b006f30a-c33f-4129-856f-2a8722461a63', 'ab904268-66f4-432c-8708-0bdb70e3fd41', current_timestamp);
INSERT INTO program_discipline (program_discipline_id, discipline_id, program_id, date_modified) VALUES ('9450e161-1c6d-481e-b4ec-fc242ae01094', 'b006f30a-c33f-4129-856f-2a8722461a63', '50d6b189-4cd4-4a3d-bd12-83f7fbaad3ce', current_timestamp);
INSERT INTO program_discipline (program_discipline_id, discipline_id, program_id, date_modified) VALUES ('2bf37749-2621-4c77-9eda-d76d78bbc226', 'b006f30a-c33f-4129-856f-2a8722461a63', '742e1fb5-fff0-4265-b694-23e2bf7e5ae8', current_timestamp);
INSERT INTO program_discipline (program_discipline_id, discipline_id, program_id, date_modified) VALUES ('cbb8a755-1976-4a7c-b269-b2513c2e145b', 'b006f30a-c33f-4129-856f-2a8722461a63', 'b6a13614-9cf6-448e-9198-83f8a2d2f9ed', current_timestamp);
INSERT INTO program_discipline (program_discipline_id, discipline_id, program_id, date_modified) VALUES ('91708069-ddf5-4cbd-b7c9-889ce9ffc7c3', 'cad4a72e-57cc-4e1e-808e-a1f23fce5d7d', '75b9d9a9-eec1-4636-8c43-4a2cd8ff409e', current_timestamp);
INSERT INTO program_discipline (program_discipline_id, discipline_id, program_id, date_modified) VALUES ('7d224265-ee7e-4168-8a1a-9d088ce89837', 'cad4a72e-57cc-4e1e-808e-a1f23fce5d7d', 'b13c6dbf-6cf2-48d8-a774-11fdf22d85bb', current_timestamp);
INSERT INTO program_discipline (program_discipline_id, discipline_id, program_id, date_modified) VALUES ('8e14c649-3b4b-4612-8f29-4916b8d81198', 'cad4a72e-57cc-4e1e-808e-a1f23fce5d7d', '2e159b02-7ba8-4189-b290-150e67b5ff2c', current_timestamp);
INSERT INTO program_discipline (program_discipline_id, discipline_id, program_id, date_modified) VALUES ('c4eb56a5-0f93-47c0-a3f9-ffd0c993a2bd', 'cad4a72e-57cc-4e1e-808e-a1f23fce5d7d', 'f78ad711-491f-48da-9df3-81df54f251b9', current_timestamp);
INSERT INTO program_discipline (program_discipline_id, discipline_id, program_id, date_modified) VALUES ('9360bc91-0468-4a6f-988e-2c330aa94a3f', 'cad4a72e-57cc-4e1e-808e-a1f23fce5d7d', '522f27fd-27f2-4e6c-846e-00dab60820b7', current_timestamp);
INSERT INTO program_discipline (program_discipline_id, discipline_id, program_id, date_modified) VALUES ('214dd0ee-b50a-4246-b820-d01a79a03287', 'cad4a72e-57cc-4e1e-808e-a1f23fce5d7d', 'b80bdda5-cfb9-4ef7-9796-129db239b3db', current_timestamp);
INSERT INTO program_discipline (program_discipline_id, discipline_id, program_id, date_modified) VALUES ('accbc59f-3fa4-4edd-9c70-e61af20c4912', 'cad4a72e-57cc-4e1e-808e-a1f23fce5d7d', 'b80bdda5-cfb9-4ef7-9796-129db239b3db', current_timestamp);
INSERT INTO program_discipline (program_discipline_id, discipline_id, program_id, date_modified) VALUES ('287ec003-7b85-4e05-985e-c780bc25058d', '8f5989e2-f5de-4563-9bfe-c02cf623c241', '7f93102a-dee5-4427-8aa9-1d556dd35422', current_timestamp);
INSERT INTO program_discipline (program_discipline_id, discipline_id, program_id, date_modified) VALUES ('5ba4ce54-183e-445f-b3bd-4d8829f9ed82', '8f5989e2-f5de-4563-9bfe-c02cf623c241', 'e5104781-33fd-4c1d-8eb0-fd55800072d0', current_timestamp);
INSERT INTO program_discipline (program_discipline_id, discipline_id, program_id, date_modified) VALUES ('716d7bad-faf1-466c-b391-99141aaf2baa', '8f5989e2-f5de-4563-9bfe-c02cf623c241', '24f4db5e-9ddc-4ee6-8a43-96cb74a3e155', current_timestamp);
INSERT INTO program_discipline (program_discipline_id, discipline_id, program_id, date_modified) VALUES ('b0367601-618b-4d65-b6ce-17d673f713ff', '8f5989e2-f5de-4563-9bfe-c02cf623c241', 'ab904268-66f4-432c-8708-0bdb70e3fd41', current_timestamp);
INSERT INTO program_discipline (program_discipline_id, discipline_id, program_id, date_modified) VALUES ('4e0d2e30-65f2-4285-8536-4cf36398e15e', '8f5989e2-f5de-4563-9bfe-c02cf623c241', '50d6b189-4cd4-4a3d-bd12-83f7fbaad3ce', current_timestamp);
INSERT INTO program_discipline (program_discipline_id, discipline_id, program_id, date_modified) VALUES ('ec999628-0295-4d4d-b653-e1190fe90bd5', '8f5989e2-f5de-4563-9bfe-c02cf623c241', '742e1fb5-fff0-4265-b694-23e2bf7e5ae8', current_timestamp);
INSERT INTO program_discipline (program_discipline_id, discipline_id, program_id, date_modified) VALUES ('ccb6be34-a399-4f70-8426-48c2cacaf380', '8f5989e2-f5de-4563-9bfe-c02cf623c241', 'b6a13614-9cf6-448e-9198-83f8a2d2f9ed', current_timestamp);
INSERT INTO program_discipline (program_discipline_id, discipline_id, program_id, date_modified) VALUES ('31f541c5-cafe-4fd6-8762-857ec746c928', '369c23f5-cea4-44f4-ba21-337a7a381215', 'd8987685-3462-4a63-a16e-7313e761049e', current_timestamp);
INSERT INTO program_discipline (program_discipline_id, discipline_id, program_id, date_modified) VALUES ('649c95d4-c2e4-4e4c-b9b5-613e141325e3', '5eb5f9d5-48e0-4fbd-8f3e-ac0ba387330f', '45aa17a5-7740-46a1-ad4e-dc217728340d', current_timestamp);
INSERT INTO program_discipline (program_discipline_id, discipline_id, program_id, date_modified) VALUES ('8ac7ff9e-57df-414f-a263-c618cb25d01c', '5eb5f9d5-48e0-4fbd-8f3e-ac0ba387330f', 'b67ae3d9-8b84-4fcd-b4ad-6af5a6064212', current_timestamp);
INSERT INTO program_discipline (program_discipline_id, discipline_id, program_id, date_modified) VALUES ('2921343b-584e-4c13-8986-6589ffca840d', 'a966933f-7e6b-4e81-9df1-1c427bcc2be3', '4807736e-6b6c-4af2-a5ae-cfa1c0dc5e32', current_timestamp);
INSERT INTO program_discipline (program_discipline_id, discipline_id, program_id, date_modified) VALUES ('df3256d3-42dd-4449-8fee-a32084b5f784', 'a966933f-7e6b-4e81-9df1-1c427bcc2be3', '0d0e1a29-bbd1-4144-aaea-a73a24a3052d', current_timestamp);
INSERT INTO program_discipline (program_discipline_id, discipline_id, program_id, date_modified) VALUES ('63d9526b-2a7f-43aa-87e3-97ba1e4448ad', 'a966933f-7e6b-4e81-9df1-1c427bcc2be3', '1cc26ee2-9dcd-41aa-b9ac-ca19af97fe47', current_timestamp);
INSERT INTO program_discipline (program_discipline_id, discipline_id, program_id, date_modified) VALUES ('c5b31b0d-7029-441d-8928-4d506bd57d8d', 'a966933f-7e6b-4e81-9df1-1c427bcc2be3', '6fe04068-8a7b-4a01-a6e9-5da054bc9e8d', current_timestamp);
INSERT INTO program_discipline (program_discipline_id, discipline_id, program_id, date_modified) VALUES ('2a96f2a8-6a9e-432a-8d69-7c6324eba273', 'a966933f-7e6b-4e81-9df1-1c427bcc2be3', 'eb737bcb-439e-47be-91b6-c74c2000c247', current_timestamp);
INSERT INTO program_discipline (program_discipline_id, discipline_id, program_id, date_modified) VALUES ('5833aecc-bb15-410c-a5ac-3b36099f6718', 'a966933f-7e6b-4e81-9df1-1c427bcc2be3', 'b3c8b324-0efe-479b-a002-b5fa3a81cc11', current_timestamp);
INSERT INTO program_discipline (program_discipline_id, discipline_id, program_id, date_modified) VALUES ('c8367183-49da-4371-ac28-7fcb72af2799', 'a966933f-7e6b-4e81-9df1-1c427bcc2be3', '72b2a281-0f97-479d-bc29-834a6c4ef1e6', current_timestamp);
INSERT INTO program_discipline (program_discipline_id, discipline_id, program_id, date_modified) VALUES ('41fdbe09-7f75-4cfd-97c9-2cb036b5241f', 'a966933f-7e6b-4e81-9df1-1c427bcc2be3', 'ea79ee34-2110-4582-bcd8-b90604d8649d', current_timestamp);
INSERT INTO program_discipline (program_discipline_id, discipline_id, program_id, date_modified) VALUES ('82247703-4149-49f0-b19c-15220e847faf', 'a966933f-7e6b-4e81-9df1-1c427bcc2be3', '51482a2b-7625-4e8b-9665-f9d1d96d35fe', current_timestamp);
INSERT INTO program_discipline (program_discipline_id, discipline_id, program_id, date_modified) VALUES ('7484dff4-940f-4b96-b471-0349be93cb1c', 'a966933f-7e6b-4e81-9df1-1c427bcc2be3', 'ddd1957c-ad4d-4536-bbd2-db6c6e17351e', current_timestamp);
INSERT INTO program_discipline (program_discipline_id, discipline_id, program_id, date_modified) VALUES ('b2e86beb-e366-4bd0-86ad-7f4f29972d23', 'a966933f-7e6b-4e81-9df1-1c427bcc2be3', '369dadd8-a621-403a-bafe-37a7212ecfda', current_timestamp);
INSERT INTO program_discipline (program_discipline_id, discipline_id, program_id, date_modified) VALUES ('5e055c4d-e685-4a04-87a5-e19a79a8f531', 'a966933f-7e6b-4e81-9df1-1c427bcc2be3', '3e6a1ee5-357a-4c70-a167-65587e8efd62', current_timestamp);
INSERT INTO program_discipline (program_discipline_id, discipline_id, program_id, date_modified) VALUES ('fa001d6c-65c9-48fe-89f0-15e74675a487', 'a966933f-7e6b-4e81-9df1-1c427bcc2be3', '12584eb5-c8a9-4051-ac1c-5bdd76a68844', current_timestamp);
INSERT INTO program_discipline (program_discipline_id, discipline_id, program_id, date_modified) VALUES ('5d8aaaf6-bf3d-4082-9072-83ba28904ce9', 'a966933f-7e6b-4e81-9df1-1c427bcc2be3', '1be41e01-c89c-49a5-b31c-f063e3250de4', current_timestamp);
INSERT INTO program_discipline (program_discipline_id, discipline_id, program_id, date_modified) VALUES ('82cf30d9-2aba-4c2f-a1b6-1acd10aa63e6', 'a966933f-7e6b-4e81-9df1-1c427bcc2be3', '2be268e6-7f01-45a9-87a0-99cbfadddae8', current_timestamp);
INSERT INTO program_discipline (program_discipline_id, discipline_id, program_id, date_modified) VALUES ('11f9ac7b-0ac4-4a08-8a41-02a6431af21a', 'a966933f-7e6b-4e81-9df1-1c427bcc2be3', '50e2e96e-2d3f-43fb-b9ae-b154e8fba88c', current_timestamp);
INSERT INTO program_discipline (program_discipline_id, discipline_id, program_id, date_modified) VALUES ('1231c252-95d9-4774-9f15-bedde601f361', 'a966933f-7e6b-4e81-9df1-1c427bcc2be3', '290d89e5-4a80-4cf5-ac17-b2674b6de53c', current_timestamp);
INSERT INTO program_discipline (program_discipline_id, discipline_id, program_id, date_modified) VALUES ('b5c8429a-2da1-4d64-802c-3c7c570c91bb', 'a966933f-7e6b-4e81-9df1-1c427bcc2be3', 'a339dd23-446c-4fae-a48d-512f27b82338', current_timestamp);
INSERT INTO program_discipline (program_discipline_id, discipline_id, program_id, date_modified) VALUES ('8ffac3f2-8f26-4da5-a06f-172b8f187ceb', '44c4b6dc-8e59-4072-89a7-3cc5e7ca69c3', '1cc26ee2-9dcd-41aa-b9ac-ca19af97fe47', current_timestamp);
INSERT INTO program_discipline (program_discipline_id, discipline_id, program_id, date_modified) VALUES ('f0d47d55-35eb-4d8c-bf9a-72794f3a7f23', '44c4b6dc-8e59-4072-89a7-3cc5e7ca69c3', '1be41e01-c89c-49a5-b31c-f063e3250de4', current_timestamp);
INSERT INTO program_discipline (program_discipline_id, discipline_id, program_id, date_modified) VALUES ('b947fc14-edfb-4f81-b9be-44b8eae61e50', 'e0829496-5836-46dc-a774-36a5cb5071d0', 'ea79ee34-2110-4582-bcd8-b90604d8649d', current_timestamp);
INSERT INTO program_discipline (program_discipline_id, discipline_id, program_id, date_modified) VALUES ('25de299b-5f8f-4064-9547-2a0c549b6cd2', 'e0829496-5836-46dc-a774-36a5cb5071d0', '51482a2b-7625-4e8b-9665-f9d1d96d35fe', current_timestamp);
INSERT INTO program_discipline (program_discipline_id, discipline_id, program_id, date_modified) VALUES ('bd15615e-8d8a-4c06-9a5e-924d1a1a2906', 'e0829496-5836-46dc-a774-36a5cb5071d0', 'eb737bcb-439e-47be-91b6-c74c2000c247', current_timestamp);
INSERT INTO program_discipline (program_discipline_id, discipline_id, program_id, date_modified) VALUES ('50b06d45-e0fb-4a9a-830b-8b6b015ade53', 'e0829496-5836-46dc-a774-36a5cb5071d0', '369dadd8-a621-403a-bafe-37a7212ecfda', current_timestamp);
INSERT INTO program_discipline (program_discipline_id, discipline_id, program_id, date_modified) VALUES ('c2da45e2-f15b-4500-970e-59c33f52a293', 'e0829496-5836-46dc-a774-36a5cb5071d0', '12584eb5-c8a9-4051-ac1c-5bdd76a68844', current_timestamp);
INSERT INTO program_discipline (program_discipline_id, discipline_id, program_id, date_modified) VALUES ('6f7c4282-9008-4ec4-89cf-25f43ced2df4', 'e098cce6-df50-43bc-a01e-96a49d682213', 'e33e48c4-7553-4ff1-b1fa-bbe65bede1fc', current_timestamp);
INSERT INTO program_discipline (program_discipline_id, discipline_id, program_id, date_modified) VALUES ('2ab912c7-f8f7-4947-a76a-8d86e2475ad3', 'e098cce6-df50-43bc-a01e-96a49d682213', '2e159b02-7ba8-4189-b290-150e67b5ff2c', current_timestamp);
INSERT INTO program_discipline (program_discipline_id, discipline_id, program_id, date_modified) VALUES ('9568c7f4-be5c-494c-8bde-da5c66466e67', 'e098cce6-df50-43bc-a01e-96a49d682213', '1cc26ee2-9dcd-41aa-b9ac-ca19af97fe47', current_timestamp);
INSERT INTO program_discipline (program_discipline_id, discipline_id, program_id, date_modified) VALUES ('7581f89d-99af-4bc2-b66c-a5b19e52d413', 'e098cce6-df50-43bc-a01e-96a49d682213', 'b80bdda5-cfb9-4ef7-9796-129db239b3db', current_timestamp);
INSERT INTO program_discipline (program_discipline_id, discipline_id, program_id, date_modified) VALUES ('9b84a287-fe4b-4367-8c83-da9b7cd27fa3', 'e098cce6-df50-43bc-a01e-96a49d682213', '1be41e01-c89c-49a5-b31c-f063e3250de4', current_timestamp);
INSERT INTO program_discipline (program_discipline_id, discipline_id, program_id, date_modified) VALUES ('43df7b42-7d24-41b4-b84e-c0310183ee6e', 'd5c31a54-9316-4511-9027-235f55eecbc7', '0109004a-ae7c-4810-a7d5-1fe6586d75c5', current_timestamp);
INSERT INTO program_discipline (program_discipline_id, discipline_id, program_id, date_modified) VALUES ('bb192ee9-cfcd-4271-9edc-c4afbce672af', 'd5c31a54-9316-4511-9027-235f55eecbc7', 'a6e24859-b2ad-434d-abdd-408dd6111d64', current_timestamp);
INSERT INTO program_discipline (program_discipline_id, discipline_id, program_id, date_modified) VALUES ('c2593e07-6a03-4d14-83e1-4e010922fb98', 'd5c31a54-9316-4511-9027-235f55eecbc7', 'b6a13614-9cf6-448e-9198-83f8a2d2f9ed', current_timestamp);
INSERT INTO program_discipline (program_discipline_id, discipline_id, program_id, date_modified) VALUES ('24f768c4-19d3-4953-8538-fc26abaaec81', 'd5c31a54-9316-4511-9027-235f55eecbc7', 'b27df581-337c-40c1-80a5-ea9acf505acd', current_timestamp);
INSERT INTO program_discipline (program_discipline_id, discipline_id, program_id, date_modified) VALUES ('1b37d576-3add-492a-9419-2619e59c2dad', 'd5c31a54-9316-4511-9027-235f55eecbc7', '814c3e96-f722-4082-94dc-e3c72d2c82da', current_timestamp);
INSERT INTO program_discipline (program_discipline_id, discipline_id, program_id, date_modified) VALUES ('585fb1d2-62d8-4b07-a167-32abdb69e547', 'dc92955c-47d1-41aa-93a1-1fc878c3dcb0', 'c5f03ae1-1189-46cc-a341-05dec5157155', current_timestamp);
INSERT INTO program_discipline (program_discipline_id, discipline_id, program_id, date_modified) VALUES ('52916c42-b23a-41a7-a925-e5888f4726e4', 'dc92955c-47d1-41aa-93a1-1fc878c3dcb0', 'fa05f24b-5a17-4006-ac74-ce033dae212d', current_timestamp);
INSERT INTO program_discipline (program_discipline_id, discipline_id, program_id, date_modified) VALUES ('9e8cca35-1b40-4836-a6a6-14c4516e8e4d', 'dc92955c-47d1-41aa-93a1-1fc878c3dcb0', '07804171-db0d-4d27-bfd4-7c35d2325c4e', current_timestamp);
INSERT INTO program_discipline (program_discipline_id, discipline_id, program_id, date_modified) VALUES ('3587ed6a-1e03-4420-a716-bb4a5047c885', 'dc92955c-47d1-41aa-93a1-1fc878c3dcb0', '51d1acf8-b010-4aa1-b369-8670fdc176ab', current_timestamp);
INSERT INTO program_discipline (program_discipline_id, discipline_id, program_id, date_modified) VALUES ('27c5c203-8464-4e96-bc55-0bb2e90cccd1', 'dc92955c-47d1-41aa-93a1-1fc878c3dcb0', 'e9b69c0e-1040-46ab-aa81-72bcbe65cb58', current_timestamp);
INSERT INTO program_discipline (program_discipline_id, discipline_id, program_id, date_modified) VALUES ('7d6ee9d4-9fb2-45e3-869f-a15f6969af32', 'dc92955c-47d1-41aa-93a1-1fc878c3dcb0', 'ddd1957c-ad4d-4536-bbd2-db6c6e17351e', current_timestamp);
INSERT INTO program_discipline (program_discipline_id, discipline_id, program_id, date_modified) VALUES ('86b73ded-c064-4e5f-b1dd-0471c864f5d3', 'dc92955c-47d1-41aa-93a1-1fc878c3dcb0', 'f944f6ba-4f9e-460f-8ea7-ad8979e1b085', current_timestamp);
INSERT INTO program_discipline (program_discipline_id, discipline_id, program_id, date_modified) VALUES ('766ea5fb-46e2-4260-a175-b6dfa0ddb93b', 'dc92955c-47d1-41aa-93a1-1fc878c3dcb0', '22e96fff-2d18-4260-802b-375c3aa6bfe3', current_timestamp);
INSERT INTO program_discipline (program_discipline_id, discipline_id, program_id, date_modified) VALUES ('a1cba9aa-8060-4ae8-9287-bdd52b235539', 'dc92955c-47d1-41aa-93a1-1fc878c3dcb0', 'e1fc26c1-77bf-49c7-bbad-a66030e57df8', current_timestamp);
INSERT INTO program_discipline (program_discipline_id, discipline_id, program_id, date_modified) VALUES ('486b7859-81da-4b9a-9f2a-71ab139ab03d', 'dc92955c-47d1-41aa-93a1-1fc878c3dcb0', '369dadd8-a621-403a-bafe-37a7212ecfda', current_timestamp);
INSERT INTO program_discipline (program_discipline_id, discipline_id, program_id, date_modified) VALUES ('209cc729-3f0d-4b39-8a83-dc04503db93b', 'dc92955c-47d1-41aa-93a1-1fc878c3dcb0', '7c16b002-1d49-45e7-ad56-835c4a6ebf48', current_timestamp);
INSERT INTO program_discipline (program_discipline_id, discipline_id, program_id, date_modified) VALUES ('b78b2b04-2bf0-49a7-9da6-e716b7450105', 'dc92955c-47d1-41aa-93a1-1fc878c3dcb0', '12584eb5-c8a9-4051-ac1c-5bdd76a68844', current_timestamp);
INSERT INTO program_discipline (program_discipline_id, discipline_id, program_id, date_modified) VALUES ('c8cd6932-7f8b-4b2d-8934-345c08b9f01d', 'dc92955c-47d1-41aa-93a1-1fc878c3dcb0', '2be268e6-7f01-45a9-87a0-99cbfadddae8', current_timestamp);
INSERT INTO program_discipline (program_discipline_id, discipline_id, program_id, date_modified) VALUES ('97cd8422-3f3f-4582-ace8-3aff9f5ab64c', 'dc92955c-47d1-41aa-93a1-1fc878c3dcb0', '3e6a1ee5-357a-4c70-a167-65587e8efd62', current_timestamp);
INSERT INTO program_discipline (program_discipline_id, discipline_id, program_id, date_modified) VALUES ('23c3b407-7ff4-477c-87a1-33d6e651401b', '7650999b-ec73-4fa1-acfe-45a37215c6d9', '8933f0e1-1ab9-4996-9204-3dad5db904bb', current_timestamp);
INSERT INTO program_discipline (program_discipline_id, discipline_id, program_id, date_modified) VALUES ('66dcdae9-9d8a-45f6-83f9-084b566f714e', '7650999b-ec73-4fa1-acfe-45a37215c6d9', '2cc3bc22-2c21-4d41-a8d7-2868a4e3b2bc', current_timestamp);
INSERT INTO program_discipline (program_discipline_id, discipline_id, program_id, date_modified) VALUES ('e7c687db-7103-4d2c-b99b-f7acb2077082', '7650999b-ec73-4fa1-acfe-45a37215c6d9', 'faede239-0bc2-498f-8baa-0b93d993966e', current_timestamp);
INSERT INTO program_discipline (program_discipline_id, discipline_id, program_id, date_modified) VALUES ('7921fc99-931c-42cb-989f-539d19cd5cc4', '7650999b-ec73-4fa1-acfe-45a37215c6d9', 'b5a23c18-c393-415d-b309-34f01ea8c5b2', current_timestamp);
INSERT INTO program_discipline (program_discipline_id, discipline_id, program_id, date_modified) VALUES ('1f586d1f-61c8-4cae-be2f-4b652e4f155e', '7650999b-ec73-4fa1-acfe-45a37215c6d9', '709869de-68da-4082-b8f5-6a725b30b008', current_timestamp);
INSERT INTO program_discipline (program_discipline_id, discipline_id, program_id, date_modified) VALUES ('012aafc0-2501-4dd5-a397-63702807778a', '7650999b-ec73-4fa1-acfe-45a37215c6d9', '47bf6a11-384b-4de9-93f9-638851049aef', current_timestamp);
INSERT INTO program_discipline (program_discipline_id, discipline_id, program_id, date_modified) VALUES ('06de30b5-d93b-4547-912c-37a33fd59290', '7650999b-ec73-4fa1-acfe-45a37215c6d9', '31dae32e-1cb9-4bd0-868a-0b0a8ab28958', current_timestamp);
INSERT INTO program_discipline (program_discipline_id, discipline_id, program_id, date_modified) VALUES ('21095f51-fb07-4170-9cae-5067756f0ec7', '7650999b-ec73-4fa1-acfe-45a37215c6d9', '93c9433b-05d7-417f-8305-efe1d0a166d2', current_timestamp);
INSERT INTO program_discipline (program_discipline_id, discipline_id, program_id, date_modified) VALUES ('f82c840a-36c9-4979-b0c1-ef71610b94e4', '7650999b-ec73-4fa1-acfe-45a37215c6d9', '88c5864d-ba40-49ca-bd1d-b489ea1332b7', current_timestamp);
INSERT INTO program_discipline (program_discipline_id, discipline_id, program_id, date_modified) VALUES ('4120c463-9c0f-4632-a80f-e4788d9c6dd5', '7650999b-ec73-4fa1-acfe-45a37215c6d9', '97bbebb6-51be-4ac7-a6e4-287ec3df336e', current_timestamp);
INSERT INTO program_discipline (program_discipline_id, discipline_id, program_id, date_modified) VALUES ('3472de60-9a85-4f27-a883-fe65a57438e2', '7650999b-ec73-4fa1-acfe-45a37215c6d9', '07983bb8-8f28-4796-bfa6-fe026137be4c', current_timestamp);
INSERT INTO program_discipline (program_discipline_id, discipline_id, program_id, date_modified) VALUES ('20ec2d14-7ebd-489b-9175-7407134d744b', '7650999b-ec73-4fa1-acfe-45a37215c6d9', 'fa1832c3-b230-4969-8f93-ed1f2f737738', current_timestamp);
INSERT INTO program_discipline (program_discipline_id, discipline_id, program_id, date_modified) VALUES ('7a06837f-1318-4aab-816d-d3fb4c8c2a0a', '7650999b-ec73-4fa1-acfe-45a37215c6d9', '35e1d93c-8f66-46ba-a1ba-019645ff51b3', current_timestamp);
INSERT INTO program_discipline (program_discipline_id, discipline_id, program_id, date_modified) VALUES ('59b24d4c-3588-49fb-8bca-2ca95cce4d29', '7650999b-ec73-4fa1-acfe-45a37215c6d9', 'c02b214c-a822-49cb-89f3-6bb9a40d373d', current_timestamp);
INSERT INTO program_discipline (program_discipline_id, discipline_id, program_id, date_modified) VALUES ('9f444a5d-143c-4f92-94a5-f239beccddc4', '7650999b-ec73-4fa1-acfe-45a37215c6d9', '8355f802-59a4-436c-ad2f-a6a4b0c36f42', current_timestamp);
INSERT INTO program_discipline (program_discipline_id, discipline_id, program_id, date_modified) VALUES ('c4d574ee-23ea-48ff-a479-b8c02b66b3d5', '7650999b-ec73-4fa1-acfe-45a37215c6d9', '576d5720-dfff-438f-a664-d30fc5eaf555', current_timestamp);
INSERT INTO program_discipline (program_discipline_id, discipline_id, program_id, date_modified) VALUES ('3cba2d77-2d92-43d3-96e3-df654073e362', 'e4e2ab80-be3f-4d7f-bafb-1af83460fa83', 'b61db3c9-b11c-4b96-a5eb-a24a28c35b62', current_timestamp);
INSERT INTO program_discipline (program_discipline_id, discipline_id, program_id, date_modified) VALUES ('4e1e0ed2-dfc7-44f9-a7dc-1eddce36493c', 'e4e2ab80-be3f-4d7f-bafb-1af83460fa83', '11863c0e-dec7-4a30-80aa-21003271ddec', current_timestamp);
INSERT INTO program_discipline (program_discipline_id, discipline_id, program_id, date_modified) VALUES ('a1f45be2-bbc5-4fed-9701-13b544d14d7d', 'e4e2ab80-be3f-4d7f-bafb-1af83460fa83', '43b75bf5-5068-4084-90fa-c5a1afbd38e0', current_timestamp);
INSERT INTO program_discipline (program_discipline_id, discipline_id, program_id, date_modified) VALUES ('735ac59e-0718-4bbc-a066-4ed872a050a8', 'e4e2ab80-be3f-4d7f-bafb-1af83460fa83', '51c4c0c7-6e49-4e7d-bc85-d3e2d35abdc3', current_timestamp);
INSERT INTO program_discipline (program_discipline_id, discipline_id, program_id, date_modified) VALUES ('ad9af1f0-72f4-4273-95b6-d76c2583ed45', 'e4e2ab80-be3f-4d7f-bafb-1af83460fa83', '323850cb-51b9-4845-811f-9ecc5940c636', current_timestamp);
INSERT INTO program_discipline (program_discipline_id, discipline_id, program_id, date_modified) VALUES ('e0419f10-0af5-4ba1-8558-af6fcb625d75', 'e4e2ab80-be3f-4d7f-bafb-1af83460fa83', '7ac5e429-0876-436f-a643-73de41acd75f', current_timestamp);
INSERT INTO program_discipline (program_discipline_id, discipline_id, program_id, date_modified) VALUES ('98fa701e-1129-4232-91f3-1292f2465849', 'e4e2ab80-be3f-4d7f-bafb-1af83460fa83', '35e6af29-cc10-4b96-aea4-2f9352edc80a', current_timestamp);
INSERT INTO program_discipline (program_discipline_id, discipline_id, program_id, date_modified) VALUES ('eddb442b-5f22-484b-884c-793be1a02eb1', 'e4e2ab80-be3f-4d7f-bafb-1af83460fa83', '0aa5bac7-fa56-48bf-8f53-30d18a539d4d', current_timestamp);
